DomID	Serial	PDB	Chain	Begin	End
8000045	1	2RHC	A	5	261
8000048	1	1ULU	B	1	257
8000049	1	2Q45	A	7	265
8000055	1	1XG5	C	2	256
8000060	1	1Y1P	A	2	342
8000061	1	2DT5	A	2	77
8000064	1	1XKQ	A	2	273
8000065	1	2Q46	A	2	253
8000067	1	1Z7B	A	315	656
8000069	1	1W6U	A	35	328
8000071	1	1E92	A	6	288
8000072	1	1XU9	A	24	289
8000075	1	1H5Q	A	3	262
8000076	1	1XSE	A	24	297
8000078	1	1SB8	A	1	341
8000079	1	1YB1	A	25	268
8000081	1	1HDO	A	1	205
8000082	1	1VL0	A	1	280
8000089	1	1Z45	A	358	699
8000091	1	1E6W	D	7	261
8000092	1	1VL8	A	5	255
8000099	1	1N5D	A	1	288
8000100	1	1SNY	A	2	248
8000106	1	1PQW	A	14	196
8000107	1	1XHL	A	3	276
8000116	1	1X7D	A	2	341
8000120	1	1GY8	C	1	381
8000121	1	1OOE	A	2	236
8000129	1	1ZK4	A	1	251
8000135	1	1ID1	A	3	155
8000137	1	1IY8	A	10	267
8000139	1	1UAY	A	2	242
8000181	1	1OMO	A	1	320
8000184	1	2FY8	A	261	336
8000195	1	1IUK	A	1	136
8000196	1	1UDC	A	1	338
8000197	1	1EK6	A	1	346
8000199	1	1BXK	B	401	750
8000205	1	1BSV	A	3	319
8000208	1	1DB3	A	1	357
8000215	1	1EQ2	D	1	307
8000220	1	1I24	A	3	392
8000225	1	1CYD	A	3	244
8000229	1	1OAA	A	3	261
8000232	1	1DHR	A	5	240
8000237	1	1HDR	A	8	243
8000243	1	1I5R	A	1	285
8000251	1	1FMC	A	1	255
8000255	1	1RPN	A	3	323
8000256	1	1HDC	A	2	255
8000258	1	1T2A	A	23	369
8000260	1	1FK8	A	1	257
8000262	1	1RKX	C	2	357
8000263	1	1BDB	A	1	276
8000265	1	1Z45	A	11	699
8000266	1	1WVG	A	4	358
8000267	1	1ORR	A	3	339
8000268	1	1SBY	A	1	254
8000271	1	1QYC	A	2	308
8000272	1	1Z6Z	A	2	258
8000274	1	1GCO	A	1	261
8000275	1	1UZN	A	9	245
8000278	1	1QYD	A	2	313
8000279	1	2A4K	A	2	242
8000281	1	1PR9	A	1	244
8000282	1	1GEG	A	2	256
8000283	1	2C07	A	54	304
8000286	1	1P33	A	5	288
8000287	1	1WMA	A	2	275
8000291	1	1MXH	A	11	276
8000292	1	1EDO	A	17	260
8000293	1	1Q7B	A	2	244
8000294	1	1Y5M	A	25	289
8000297	1	1MG5	A	1	255
8000298	1	2B69	A	4	315
8000301	1	1D7O	A	11	307
8000305	1	1K2W	A	1	256
8000306	1	1O5I	A	4	237
8000307	1	2H7M	A	2	269
8000308	1	1ZEM	A	3	262
8000311	1	1QSG	A	2	259
8000312	1	2PD4	A	2	275
8000317	1	2O23	B	5	254
8000318	1	1YXM	A	7	303
8000321	1	1AE1	B	16	273
8000324	1	1WMB	A	1	260
8000325	1	2AE2	A	2	260
8000326	1	1ZMT	A	2	253
8000333	1	2GDZ	A	3	256
8000334	1	1G0O	A	12	283
8000335	1	1SPX	A	2	265
8000343	1	2C59	A	13	375
8000350	1	2EWM	B	3	249
8000351	1	2BD0	A	2	241
8000358	1	2BKA	A	5	236
8000359	1	2AG5	A	1	245
8000361	1	2FMU	A	7	236
8000367	1	2D1Y	B	2	250
8000371	1	1YDE	A	4	253
8000376	1	2FR0	A	1448	1915
8000377	1	2FR0	A	1657	1915
8000378	1	2BGK	A	11	278
8000390	1	2A35	A	4	213
8000400	1	1YO6	A	1	250
8000423	1	2DT5	A	2	211
8000459	1	1N7G	B	28	368
8000462	1	1HXH	A	1	253
8000463	1	2D59	A	4	144
8000467	1	1NFF	A	2	245
8000471	1	1OC2	A	3	348
8000473	1	1GZ6	A	3	303
8000474	1	1Y81	A	6	121
8000477	1	1XGK	A	3	352
8000478	1	1VRW	A	97	425
8000494	1	1RP0	A	7	284
8000518	1	1JAY	A	1	212
8001152	1	1DLI	A	1	402
8000575	1	1SAY	A	1	117
8000627	1	1N2S	A	1	298
8000669	1	2HMV	A	6	144
8000673	1	1LSS	A	1	132
8000677	1	2FY8	A	115	260
8000692	1	1UDC	A	1	338
8000693	1	1UDC	A	1	338
8000694	1	1UDC	A	1	263
8000695	1	1UDC	A	1	179
8000696	1	1OC2	A	3	348
8000697	1	1N2S	A	1	298
8000698	1	1BSV	A	3	319
8000699	1	1DB3	A	1	357
8000700	1	1EQ2	D	1	307
8000701	1	1RKX	C	2	357
8000702	1	1ORR	A	3	339
8000703	1	1QYC	A	2	308
8000704	1	1QYD	A	2	313
8000705	1	1I24	A	3	392
8000706	1	1XGK	A	3	352
8000707	1	1CYD	A	3	244
8000708	1	1OAA	A	3	261
8000709	1	1DHR	A	5	240
8000710	1	1I5R	A	1	285
8000711	1	1FMC	A	1	255
8000712	1	1HDC	A	2	255
8000713	1	1FK8	A	1	257
8000714	1	1HXH	A	1	253
8000715	1	1NFF	A	2	245
8000716	1	1ZK4	A	1	251
8000717	1	1BDB	A	1	276
8000718	1	1MG5	A	1	255
8000719	1	1GCO	A	1	261
8000720	1	1K2W	A	1	256
8000721	1	1GEG	A	2	256
8000722	1	1IY8	A	10	267
8000723	1	1H5Q	A	3	262
8000724	1	1GZ6	A	3	303
8000725	1	1Q7B	A	2	244
8000726	1	1QSG	A	2	259
8000727	1	2AE2	A	2	260
8000728	1	1G0O	A	12	283
8000729	1	1E6W	D	7	261
8000731	1	1WMA	A	2	275
8000732	1	1ZMT	A	2	253
8000733	1	1SPX	A	2	265
8000734	1	1SB8	A	1	341
8000735	1	1VL0	A	1	280
8000736	1	1VL8	A	5	255
8000737	1	1SNY	A	2	248
8000738	1	1XHL	A	3	276
8000739	1	1XG5	C	2	256
8000740	1	1Y1P	A	2	342
8000741	1	1XKQ	A	2	273
8000742	1	2Q46	A	2	253
8000743	1	1Z7B	A	315	656
8000744	1	1W6U	A	35	328
8000745	1	1XU9	A	24	289
8000747	1	1YB1	A	25	268
8000748	1	2B69	A	4	315
8000749	1	1ZEM	A	3	262
8000750	1	1YXM	A	7	303
8000746	1	1WMB	A	1	260
8000751	1	2GDZ	A	3	256
8000752	1	2C59	A	13	375
8000753	1	2BD0	A	2	241
8000754	1	2AG5	A	1	245
8000755	1	2D1Y	B	2	250
8000756	1	2BGK	A	11	278
8000757	1	1ZBQ	A	3	304
8000758	1	2EWM	B	3	249
8000759	1	2BKA	A	5	236
8000760	1	1YDE	A	4	253
8000761	1	2A35	A	4	213
8000762	1	1YO6	A	1	250
8000763	1	2FR0	A	1643	1915
8000765	1	2PWZ	A	1	145
8000764	1	2PWZ	A	233	312
8000766	1	2PWZ	A	1	312
8000767	1	2PWZ	A	1	312
8000768	1	2PWZ	A	1	312
8000769	1	2PWZ	A	1	312
8000771	1	1Y7T	A	0	332
8000772	1	1MLD	A	1	313
8000773	1	7MDH	B	21	386
8000774	1	1CIV	A	12	385
8000775	1	1BDM	B	0	154
8000776	1	2J5K	A	22	330
8000777	1	1UXG	A	2	307
8000778	1	1B8P	A	3	329
8000779	1	1GV0	A	1	305
8000780	1	1GUZ	A	1	142
8000781	1	1HYH	A	21	329
8000782	1	1HYH	A	21	329
8000783	1	1HYE	A	1	313
8000784	1	1HYE	A	1	313
8000785	1	1OBB	A	2	480
8000786	1	1OBB	A	2	480
8000787	1	1T2D	A	1	315
8000788	1	1T2D	A	1	315
8000789	1	1Y6J	A	7	317
8000790	1	1I10	A	1	331
8000791	1	1I0Z	A	1	332
8000792	1	2A94	A	18	328
8000793	1	1PZG	A	14	333
8000794	1	1MG5	A	1	255
8000795	1	1EZ4	B	16	335
8000796	1	9LDT	A	1	331
8000797	1	2LDX	A	1	327
8000798	1	1LDM	A	1	329
8000799	1	1LDN	A	15	330
8000800	1	1LLC	A	13	334
8000801	1	1LLD	A	7	319
8000802	1	1A5Z	A	22	333
8000803	1	1VJT	A	1	469
8000804	1	1VJT	A	1	469
8000805	1	1OBB	A	2	480
8000806	1	1U8X	X	3	445
8000807	1	1U8X	X	3	445
8000808	1	1S6Y	A	4	445
8000809	1	1UP7	A	1	415
8000810	1	1UP7	A	1	415
8000811	1	2JHF	A	1	373
8000812	1	2JHF	A	1	373
8000813	1	2JHF	A	1	373
8000814	1	2JHF	A	164	373
8000815	1	2JHF	A	30	163
8000816	1	2JHF	A	192	318
8000817	1	2JHF	A	30	163
8000818	1	2JHF	A	95	113
8000819	1	1QOR	A	2	327
8000820	1	1QOR	A	2	327
8000821	1	1QOR	A	2	327
8000822	1	1QOR	A	113	327
8000823	1	1QOR	A	22	112
8000824	1	1QOR	A	141	270
8000825	1	1QOR	A	22	112
8000826	1	1P0F	A	1001	1372
8000827	1	1U3U	A	1	373
8000828	1	1E3I	A	1	376
8000829	1	1CDO	A	1	374
8000830	1	1H2B	A	17	359
8000831	1	1LLU	A	2	342
8000832	1	1RJW	A	1	339
8000833	1	1JVB	A	1	347
8000834	1	1YB5	A	6	329
8000835	1	1IZ0	A	1	302
8000836	1	1VJ0	A	2	367
8000837	1	1VJ0	A	2	367
8000838	1	1O89	A	2	323
8000839	1	1O89	A	2	323
8000840	1	1UUF	A	3	349
8000841	1	1UUF	A	3	349
8000842	1	1F8F	A	4	371
8000843	1	1F8F	A	4	371
8000844	1	1KEV	A	1	351
8000845	1	1KEV	A	1	351
8000847	1	1PL8	A	1	356
8000848	1	1PL8	A	1	356
8000849	1	1E3J	A	4	351
8000851	1	1KOL	A	2	397
8000852	1	1KOL	A	2	397
8000853	1	1PQW	A	14	196
8000854	1	1GU7	A	23	386
8000855	1	1GU7	A	23	386
8000856	1	1VJ1	A	1	351
8000857	1	1VJ1	A	1	351
8000858	1	1PIW	A	1	360
8000859	1	1PIW	A	1	360
8000860	1	1V3V	A	1	329
8000861	1	1V3V	A	1	329
8000862	1	1TT7	A	2	330
8000863	1	1TT7	A	2	330
8000864	1	1XA0	A	1	328
8000865	1	1X7D	A	2	341
8000866	1	1X7D	A	2	341
8000867	1	1X7D	A	2	341
8000868	1	1X7D	A	128	295
8000869	1	1OMO	A	1	320
8000870	1	1LSS	A	1	132
8000871	1	1LSS	A	1	132
8000872	1	1LSS	A	1	132
8000873	1	1LSS	A	1	117
8000874	1	1ID1	A	3	155
8000875	1	2HMV	A	6	144
8000876	1	2FY8	A	115	336
8001358	1	2F5V	A	43	619
8000877	1	2DT5	A	2	211
8000878	1	2DT5	A	78	211
8000879	1	2DT5	A	78	211
8000880	1	2DT5	A	78	188
8000881	1	1GAD	O	0	330
8000882	1	1GAD	O	0	330
8000883	1	1GAD	O	0	330
8000884	1	1GAD	O	0	330
8000885	1	1GAD	O	0	148
8000886	1	1GAD	O	149	312
8000887	1	1OBF	O	1	335
8000888	1	2CZC	A	1	334
8000889	1	3CMC	O	0	333
8000890	1	2G82	A	1	330
8000891	1	1HDG	O	1	331
8000892	1	1B7G	O	3	340
8000893	1	1CF2	O	1	336
8000895	1	4GPD	1	1	333
8000896	1	1I32	A	1	358
8000897	1	1DSS	G	1	334
8000898	1	1VC2	A	1	331
8000899	1	1J0X	O	1	332
8000900	1	3GPD	R	1	334
8000901	1	1U8F	O	3	335
8000902	1	2B4R	O	3	335
8000903	1	1RM4	A	0	333
8000904	1	1K3T	A	1	359
8000905	1	1T4B	A	3	367
8000906	1	1T4B	A	3	367
8000907	1	1PQU	A	1	371
8000908	1	2GZ1	A	2	358
8000909	1	1MB4	A	1	369
8000910	1	1NVM	B	1	312
8000911	1	1NVM	B	1	312
8000912	1	1VKN	A	1	339
8000913	1	1VKN	A	1	339
8000914	1	2G17	A	1	334
8000915	1	2Q49	A	15	359
8000916	1	2CVO	A	68	415
8000917	1	2CVO	A	68	415
8000918	1	2HJS	A	3	336
8000919	1	2HJS	A	3	336
8000920	1	1H9A	A	1	484
8000921	1	1H9A	A	1	484
8000922	1	1H9A	A	1	484
8000923	1	1H9A	A	1	484
8000924	1	1H9A	A	1	177
8000925	1	1H9A	A	182	375
8000926	1	1QKI	A	27	511
8000927	1	1H6D	A	51	433
8000928	1	1H6D	A	51	433
8000929	1	1TLT	A	5	308
8000930	1	1TLT	A	5	308
8000931	1	1XEA	A	4	312
8000932	1	1XEA	A	4	312
8000933	1	1YDW	A	6	360
8000934	1	1YDW	A	6	360
8000935	1	2NVW	A	2	457
8000936	1	2NVW	A	2	457
8000937	1	1ZH8	A	4	328
8000938	1	1ZH8	A	4	328
8000939	1	1LC0	A	8	291
8000940	1	1LC0	A	8	291
8000941	1	1LC0	A	8	291
8000942	1	1LC0	A	8	291
8000943	1	1LC0	A	8	124
8000944	1	1LC0	A	129	246
8000945	1	1EBF	A	2	359
8000946	1	1EBF	A	2	359
8000947	1	1EBF	A	2	359
8000948	1	1EBF	A	2	359
8000949	1	1EBF	A	2	146
8000951	1	1E5Q	A	2	450
8000952	1	1E5Q	A	2	450
8000953	1	1E5Q	A	2	450
8000954	1	1E5Q	A	2	450
8000955	1	1E5Q	A	2	123
8000956	1	1E5Q	A	124	388
8000957	1	1E5Q	A	249	345
8000958	1	1DIH	A	2	273
8000959	1	1DIH	A	2	273
8000960	1	1DIH	A	2	273
8000961	1	1DIH	A	2	273
8000962	1	1DIH	A	2	129
8000963	1	1DIH	A	130	239
8000964	1	1YL7	A	2	245
8000965	1	1VM6	A	1	214
8000966	1	1P1J	A	9	533
8000967	1	1P1J	A	9	533
8000968	1	1GR0	A	14	367
8000969	1	1VKO	A	11	521
8000970	1	1U1I	A	1	392
8000971	1	1J5P	A	1	241
8000972	1	1J5P	A	1	241
8000973	1	1F06	A	1	320
8000974	1	1F06	A	1	320
8000975	1	1Q0Q	A	1	398
8000976	1	1Q0Q	A	1	398
8000977	1	1Q0Q	A	1	398
8000978	1	1Q0Q	A	1	310
8000979	1	1Q0Q	A	1	125
8000980	1	1Q0Q	A	126	274
8000981	1	1Q0Q	A	328	398
8000982	1	1R0K	A	2	387
8000983	1	1SAY	A	1	361
8000984	1	1SAY	A	1	361
8000985	1	1SAY	A	1	361
8000986	1	1SAY	A	1	361
8000987	1	1SAY	A	164	299
8000988	1	1SAY	A	164	327
8000989	1	1SAY	A	1	163
8000990	1	1F8G	A	1	384
8000991	1	1F8G	A	1	384
8000992	1	1LI4	A	3	432
8000993	1	1LI4	A	3	432
8000994	1	1LI4	A	3	432
8000995	1	1LI4	A	3	386
8000996	1	1LI4	A	213	341
8000997	1	1LI4	A	213	376
8000998	1	1LI4	A	46	208
8000999	1	2NAC	A	1	374
8001000	1	2NAC	A	1	374
8001001	1	2NAC	A	1	374
8001002	1	2NAC	A	1	374
8001003	1	2NAC	A	188	308
8001004	1	2NAC	A	188	358
8001005	1	2NAC	A	1	164
8001006	1	1QP8	A	1	301
8001007	1	1QP8	A	1	301
8001008	1	1MX3	A	28	352
8001009	1	1MX3	A	28	352
8001010	1	1HKU	A	15	346
8001011	1	1DXY	A	1	330
8001012	1	1DXY	A	1	330
8001013	1	1GDH	A	2	321
8001014	1	1GDH	A	2	321
8001015	1	1J49	A	1	332
8001016	1	1J49	A	1	332
8001017	1	1SC6	A	7	409
8001018	1	1SC6	A	7	409
8001019	1	1SC6	A	7	326
8001020	1	1SC6	A	327	409
8001021	1	1SC6	A	327	409
8001022	1	1SC6	A	327	409
8001023	1	1YGY	A	3	529
8001024	1	1YGY	A	3	529
8001025	1	1YGY	A	3	316
8001026	1	1YGY	A	452	529
8001027	1	1YGY	A	317	451
8001028	1	1YGY	A	317	451
8001029	1	1YGY	A	317	451
8001031	1	1KYQ	B	1	273
8001032	1	1KYQ	B	1	273
8001033	1	1KYQ	B	1	273
8001034	1	1KYQ	B	1	273
8001035	1	1KYQ	B	11	150
8001036	1	1KYQ	B	191	257
8001037	1	1PJQ	B	1	457
8001038	1	1PJQ	B	1	457
8001039	1	1PJQ	B	1	215
8001040	1	1PJQ	B	216	457
8001041	1	1PJQ	B	216	457
8001042	1	1PJQ	B	216	330
8001043	1	1LUA	A	2	287
8001044	1	1LUA	A	2	287
8001045	1	1LUA	A	2	287
8001046	1	1LUA	A	2	271
8001047	1	1LUA	A	2	249
8001048	1	1LUA	A	2	97
8001049	1	1NYT	A	1	271
8001050	1	1NYT	A	1	271
8001051	1	1NYT	A	1	271
8001052	1	1NYT	A	1	254
8001053	1	1NYT	A	119	237
8001054	1	1NYT	A	1	101
8001055	1	1P74	A	1	272
8001056	1	1NVT	A	6	287
8001057	1	1VI2	A	5	288
8001058	1	1VI2	A	5	288
8001059	1	1NPY	A	1	269
8001060	1	1NPY	A	1	269
8001061	1	1B0A	A	2	288
8001062	1	1B0A	A	2	288
8001063	1	1B0A	A	2	288
8001064	1	1B0A	A	32	288
8001066	1	1B0A	A	32	122
8001065	1	1B0A	A	157	258
8001067	1	1A4I	B	2	296
8001068	1	1EDZ	A	3	319
8001069	1	1VL6	A	2	376
8001070	1	1VL6	A	2	376
8001071	1	1VL6	A	2	376
8001072	1	1VL6	A	58	329
8001073	1	1VL6	A	180	304
8001074	1	1VL6	A	58	154
8001075	1	1O0S	A	2	603
8001076	1	1O0S	A	2	603
8001077	1	1GQ2	A	23	580
8001078	1	1PJ3	A	21	573
8001079	1	1C1D	A	1	349
8001080	1	1C1D	A	1	349
8001081	1	1C1D	A	1	349
8001082	1	1C1D	A	34	302
8001083	1	1C1D	A	173	283
8001084	1	1C1D	A	34	139
8001085	1	1LEH	A	1	364
8001086	1	1LEH	A	1	364
8001087	1	1BGV	A	1	449
8001088	1	1BGV	A	1	449
8001089	1	1GTM	A	3	419
8001090	1	1BVU	A	3	418
8001091	1	1V9L	A	4	421
8001093	1	1B26	A	4	412
8001094	1	1L1F	A	10	505
8001095	1	1EUZ	A	4	419
8001096	1	1JAY	A	1	212
8001097	1	1JAY	A	1	212
8001098	1	1JAY	A	1	203
8001099	1	1JAY	A	1	134
8001100	1	2CVZ	A	2	289
8001101	1	2CVZ	A	2	289
8001102	1	2CVZ	A	2	289
8001103	1	2CVZ	A	2	190
8001104	1	2CVZ	A	2	116
8001105	1	2CVZ	A	158	289
8001107	1	1VPD	A	3	296
8001108	1	1VPD	A	3	296
8001109	1	2PGD	A	1	473
8001110	1	2PGD	A	1	473
8001111	1	2PGD	A	1	305
8001112	1	2PGD	A	177	305
8001113	1	2PGD	A	314	437
8001114	1	2CVZ	A	158	289
8001115	1	1PGJ	A	1	478
8001116	1	1LJ8	A	1	492
8001117	1	1LJ8	A	1	492
8001118	1	1LJ8	A	1	492
8001119	1	1LJ8	A	21	314
8001120	1	1LJ8	A	21	230
8001121	1	1NP3	A	1	327
8001122	1	1NP3	A	1	327
8001123	1	1NP3	A	1	327
8001124	1	1NP3	A	17	217
8001125	1	1NP3	A	17	129
8001126	1	1NP3	A	183	327
8001127	1	1NP3	A	183	327
8001128	1	1QMG	A	82	595
8001129	1	1QMG	A	82	595
8001130	1	1QMG	A	106	455
8001131	1	1QMG	A	308	455
8001132	1	1QMG	A	456	595
8001133	1	1F0Y	A	12	302
8001134	1	1F0Y	A	12	302
8001135	1	1F0Y	A	12	302
8001136	1	1F0Y	A	12	226
8001137	1	1F0Y	A	12	159
8001138	1	1F0Y	A	204	302
8001139	1	1F0Y	A	204	302
8001140	1	1WDK	A	1	310
8001141	1	1WDK	A	1	715
8001142	1	1WDK	A	1	715
8001143	1	1WDK	A	311	620
8001144	1	1WDK	A	497	620
8001145	1	1WDK	A	621	715
8001146	1	1I36	A	2	264
8001147	1	1I36	A	2	264
8001148	1	1I36	A	2	264
8001149	1	1I36	A	2	184
8001150	1	1I36	A	2	112
8001151	1	1I36	A	153	264
8001153	1	1DLI	A	1	402
8001154	1	1DLI	A	1	402
8001155	1	1DLI	A	1	229
8001156	1	1DLI	A	1	141
8001157	1	1DLI	A	197	294
8001158	1	1DLI	A	309	402
8001160	1	1MV8	A	1	436
8001159	1	1MV8	A	1	436
8001161	1	1BG6	A	4	359
8001162	1	1BG6	A	4	359
8001163	1	1BG6	A	4	359
8001164	1	1BG6	A	4	216
8001165	1	1BG6	A	4	137
8001166	1	1BG6	A	188	359
8001167	1	1TXG	A	1	335
8001168	1	1TXG	A	1	335
8001169	1	1TXG	A	1	335
8001170	1	1TXG	A	1	210
8001171	1	1TXG	A	1	137
8001172	1	1TXG	A	181	335
8001173	1	1N1E	A	9	357
8001174	1	1KS9	A	1	291
8001175	1	1KS9	A	1	291
8001176	1	1KS9	A	1	291
8001177	1	1KS9	A	1	191
8001178	1	1KS9	A	1	118
8001179	1	1KS9	A	168	291
8001180	1	1YQG	A	1	263
8001181	1	1YQG	A	1	263
8001182	1	1YQG	A	1	263
8001183	1	1YQG	A	1	186
8001184	1	1YQG	A	1	111
8001185	1	1YQG	A	153	263
8001186	1	2AMF	A	1	256
8001187	1	2B0J	A	1	344
8001188	1	2B0J	A	1	344
8001189	1	2B0J	A	1	344
8001190	1	2B0J	A	1	276
8001191	1	2B0J	A	1	202
8001192	1	2B0J	A	243	344
8001193	1	2G5C	B	31	310
8001194	1	2G5C	B	31	310
8001195	1	2G5C	B	31	310
8001196	1	2G5C	B	31	231
8001197	1	2G5C	B	31	148
8001198	1	2G5C	B	201	310
8001199	1	2F1K	A	1	279
8001200	1	2PV7	B	92	371
8001201	1	2I76	A	2	257
8001202	1	2I76	A	2	257
8001203	1	2I76	A	2	257
8004358	1	2I76	A	2	151
8001205	1	2I76	A	2	105
8001206	1	2I76	A	155	257
8001207	1	2NU7	A	2	287
8001208	1	2NU7	A	2	287
8001209	1	2NU7	A	2	124
8001210	1	2NU7	A	125	287
8001211	1	1OI7	A	1	288
8001212	1	1EUC	A	1	293
8001213	1	2CSU	A	1	453
8001214	1	2CSU	A	1	453
8001215	1	2CSU	A	1	129
8001216	1	2CSU	A	130	290
8001217	1	2CSU	A	291	453
8001218	1	1Y81	A	6	121
8001219	1	1Y81	A	6	121
8001220	1	1Y81	A	6	121
8001221	1	1Y81	A	6	114
8001222	1	1IUK	A	1	136
8001223	1	2D59	A	4	144
8001224	1	1TDE	A	1	316
8001225	1	1TDE	A	1	316
8001226	1	1TDE	A	1	316
8001227	1	1TDE	A	1	316
8001228	1	1TDE	A	1	115
8001228	2	1TDE	A	246	316
8001229	1	1TDE	A	1	145
8001230	1	1TDE	A	146	316
8001231	1	1VDC	A	1	316
8001232	1	1LJ8	A	287	492
8001233	1	1MG5	A	1	240
8001234	1	1MG5	A	1	184
8001235	1	1OBB	A	2	480
8001236	1	1OBB	A	2	172
8001237	1	1OBB	A	354	436
8001238	1	1HDO	A	1	205
8001239	1	2FR0	A	1448	1642
8001240	1	2FR0	A	1665	1840
8001241	1	1RP0	A	7	284
8001242	1	1RP0	A	7	284
8001243	1	1RP0	A	39	284
8001244	1	1RP0	A	39	284
8001245	1	1HYH	A	22	55
8001246	1	1F8F	A	192	224
8001247	1	2JHF	A	193	225
8001248	1	1KEV	A	168	200
8001249	1	1PL8	A	173	205
8001250	1	1VJ0	A	185	217
8001251	1	1UUF	A	176	207
8001252	1	1KOL	A	187	219
8001253	1	1X7D	A	130	163
8001254	1	1OMO	A	126	159
8001255	1	2HMV	A	7	38
8001256	1	1LSS	A	1	32
8001257	1	1NVM	B	5	39
8001258	1	1GAD	O	1	34
8001259	1	1LC0	A	9	45
8001260	1	1EBF	A	6	42
8001261	1	1E5Q	A	4	35
8001262	1	1F06	A	4	37
8001263	1	1J5P	A	1	30
8001264	1	1SAY	A	168	199
8001265	1	1QP8	A	125	156
8001266	1	1GDH	A	148	179
8001267	1	1SC6	A	152	183
8001268	1	1J49	A	147	178
8001269	1	1MX3	A	175	206
8001270	1	1PJQ	B	13	44
8001271	1	1KYQ	B	14	45
8001272	1	1LEH	A	174	205
8001273	1	1C1D	A	176	207
8001274	1	1NPY	A	120	152
8001275	1	1NYT	A	120	151
8001276	1	1VI2	A	125	157
8001277	1	1VL6	A	181	213
8001278	1	1NP3	A	17	48
8001279	1	1WDK	A	315	346
8001280	1	1F0Y	A	16	47
8001281	1	1MV8	A	1	32
8001282	1	1DLI	A	1	31
8001283	1	1BG6	A	5	36
8001284	1	2I0Z	A	1	420
8001285	1	2I0Z	A	1	420
8001286	1	2I0Z	A	1	420
8001287	1	2I0Z	A	1	192
8001288	1	2I0Z	A	1	192
8001288	2	2I0Z	A	362	420
8001289	1	2I0Z	A	193	274
8001290	1	2GQF	A	1	401
8001291	1	2GQF	A	1	401
8001287	2	2I0Z	A	362	420
8001292	1	2I0Z	A	275	344
8001293	1	2I0Z	A	275	344
8001289	2	2I0Z	A	345	361
8001294	1	1TDE	A	119	244
8001295	1	1CHU	A	2	533
8001296	1	1CHU	A	2	533
8001297	1	1CHU	A	2	533
8001298	1	1CHU	A	6	410
8001299	1	1CHU	A	6	237
8001299	2	1CHU	A	354	410
8001300	1	1CHU	A	238	353
8001301	1	1CHU	A	428	508
8001302	1	1JNR	A	2	643
8001303	1	1JNR	A	2	643
8001304	1	1NEK	A	1	588
8001305	1	1NEK	A	1	588
8001306	1	2BS2	A	1	655
8001307	1	2BS2	A	1	655
8001308	1	1KF6	A	0	576
8001309	1	1Y0P	A	1	568
8001310	1	1Y0P	A	1	568
8001311	1	1Y0P	A	111	568
8001312	1	1Y0P	A	111	568
8001313	1	1Y0P	A	124	361
8001313	2	1Y0P	A	512	568
8001314	1	1Y0P	A	1	102
8001315	1	1Y0P	A	362	504
8001317	1	1D4D	A	4	569
8001316	1	3GRS	A	18	478
8001318	1	3GRS	A	18	478
8001319	1	3GRS	A	18	478
8001320	1	3GRS	A	18	363
8001321	1	3GRS	A	18	165
8001321	2	3GRS	A	291	363
8001322	1	3GRS	A	166	290
8001323	1	3GRS	A	364	478
8001324	1	1ONF	A	1	495
8001325	1	1ONF	A	1	495
8001326	1	1GER	A	3	450
8001327	1	1GER	A	3	450
8001328	1	1FEC	A	1	485
8001329	1	1FEC	A	1	485
8001330	1	1AOG	A	3	487
8001331	1	1AOG	A	3	487
8001332	1	1H6V	A	10	499
8001333	1	1H6V	A	10	499
8001334	1	1M6I	A	128	608
8001335	1	1M6I	A	128	608
8001336	1	1GV4	A	122	610
8001337	1	1GV4	A	122	610
8001338	1	3COX	A	5	506
8001339	1	1NHP	A	1	447
8001340	1	1NHP	A	1	447
8001341	1	3COX	A	5	506
8001342	1	3COX	A	5	506
8001343	1	3COX	A	5	506
8001344	1	3COX	A	5	318
8001344	2	3COX	A	451	506
8001345	1	3COX	A	319	450
8001346	1	1N4W	A	9	507
8001347	1	3CNJ	A	9	506
8001348	1	1CF3	A	3	583
8001349	1	1CF3	A	3	583
8001350	1	1GPE	A	1	587
8001352	1	1JU2	A	1	521
8001353	1	1JU2	A	1	521
8001351	1	1D7Y	A	5	405
8001354	1	1D7Y	A	5	405
8001355	1	1KDG	A	215	755
8001356	1	1Q1R	A	2	422
8001357	1	1Q1R	A	2	422
8001359	1	2F5V	A	43	619
8001360	1	1IUT	A	1	394
8001361	1	1IUT	A	1	394
8001362	1	1IUT	A	1	394
8001363	1	1IUT	A	1	321
8001364	1	1IUT	A	1	181
8001364	2	1IUT	A	268	321
8001365	1	1IUT	A	182	267
8001366	1	1PBE	A	1	391
8001367	1	3C96	A	4	402
8001368	1	3C96	A	4	402
8001369	1	2VOU	A	2	394
8001370	1	2VOU	A	2	394
8001371	1	1PN0	C	1	662
8001372	1	1PN0	C	1	662
8001373	1	1PN0	C	1	461
8001374	1	1PN0	C	487	644
8001375	1	1C0P	A	1001	1361
8001376	1	1C0P	A	1001	1361
8001377	1	1C0P	A	1001	1361
8001378	1	1C0P	A	1001	1361
8001379	1	1C0P	A	1001	1193
8001379	2	1C0P	A	1289	1361
8001380	1	1C0P	A	1194	1288
8001381	1	1V59	A	1	478
8001382	1	1KIF	A	1	339
8001383	1	2GF3	A	1	385
8001384	1	2GF3	A	1	385
8001385	1	1RYI	A	1	364
8001386	1	1RYI	A	1	364
8001387	1	2BI7	A	2	384
8001388	1	1V59	A	1	478
8001389	1	2BI7	A	2	384
8001390	1	2BI7	A	2	384
8001391	1	2BI7	A	2	384
8001392	1	2BI7	A	2	247
8001392	2	2BI7	A	317	384
8001393	1	2BI7	A	248	316
8001394	1	1EBD	A	7	461
8001395	1	1I8T	A	1	367
8001396	1	1OJT	A	117	598
8001397	1	2BCG	G	5	446
8001398	1	2BCG	G	5	446
8001399	1	2BCG	G	5	446
8001400	1	2BCG	G	5	446
8001401	1	2BCG	G	5	127
8001401	3	2BCG	G	400	446
8001403	1	1LV0	A	1	431
8001404	1	1VG0	A	3	606
8001405	1	1VG0	A	3	606
8001406	1	1DXL	A	4	470
8001407	1	1XDI	A	2	466
8001408	1	1LVL	A	1	458
8001409	1	1LPF	A	1	472
8001410	1	3LAD	A	1	472
8001411	1	2BCG	G	128	229
8001402	1	2BCG	G	302	399
8001401	2	2BCG	G	229	301
8001412	1	2GMH	A	4	574
8001413	1	2GMH	A	4	574
8001414	1	2GMH	A	4	482
8001415	1	1MO9	A	2	523
8001417	1	1MO9	A	2	523
8001416	1	2GMH	A	4	482
8001418	1	2GMH	A	32	236
8001418	2	2GMH	A	336	387
8001419	1	2GMH	A	237	335
8001420	1	2GMH	A	483	574
8001421	1	2V5Z	A	3	500
8001422	1	2V5Z	A	3	500
8001423	1	2V5Z	A	3	500
8001424	1	2V5Z	A	3	456
8001425	1	2V5Z	A	3	289
8001425	2	2V5Z	A	402	456
8001426	1	2V5Z	A	290	401
8001427	1	2C65	A	3	501
8001428	1	1B5Q	A	5	463
8001429	1	1B5Q	A	5	463
8001430	1	2IID	A	4	486
8001431	1	2IID	A	4	486
8001432	1	1REO	A	3	486
8001433	1	1SEZ	A	13	497
8001434	1	1SEZ	A	13	497
8001435	1	1PJ5	A	4	830
8001436	1	1PJ5	A	4	830
8001437	1	1PJ5	A	4	427
8001438	1	1PJ5	A	428	830
8001439	1	1PJ5	A	743	817
8001440	1	2IVD	A	10	464
8001441	1	2Z3Y	A	172	831
8001442	1	2Z3Y	A	274	419
8001442	2	2Z3Y	A	521	831
8001443	1	2Z3Y	A	172	831
8001444	1	2Z3Y	A	187	267
8001445	1	2Z3Y	A	420	520
8001446	1	1DJN	A	1	728
8001447	1	1DJN	A	1	728
8001448	1	1DJN	A	341	728
8001449	1	1DJN	A	1	340
8001450	1	1CJC	A	6	460
8001451	1	1CJC	A	6	460
8001452	1	1CJC	A	6	400
8001453	1	1CJC	A	6	400
8001454	1	1CJC	A	6	106
8001454	2	1CJC	A	332	400
8001455	1	1CJC	A	107	331
8001456	1	1PS9	A	1	670
8001457	1	1PS9	A	1	670
8001458	1	1XHC	A	2	351
8001459	1	1PS9	A	331	670
8001460	1	1XHC	A	2	351
8001461	1	1PS9	A	1	330
8000691	1	1LQT	B	2	456
8001463	1	1LQT	B	2	456
8001462	1	2GVC	A	3	444
8001464	1	2GVC	A	3	444
8001465	1	1W4X	A	10	542
8001466	1	1W4X	A	10	542
8001467	1	1H7W	A	2	1017
8001468	1	1H7W	A	2	1017
8001469	1	1H7W	A	184	532
8001470	1	1H7W	A	67	168
8001471	1	1H7W	A	533	844
8001472	1	1H7W	A	940	1017
8001473	1	1FCD	A	1	401
8001474	1	1FCD	A	1	401
8001475	1	1FCD	A	1	401
8001476	1	1FCD	A	1	327
8001477	1	1FCD	A	328	401
8001478	1	1HYU	A	199	521
8001479	1	1HYU	A	199	521
8001480	1	1HYU	A	1	521
8001481	1	1HYU	A	1	521
8001482	1	1FL2	A	212	521
8001483	1	1HYU	A	1	198
8001484	1	1FCD	A	1	109
8001484	2	1FCD	A	256	327
8001485	1	1FCD	A	115	255
8001486	1	1W4X	A	17	48
8001487	1	1TDE	A	146	177
8001488	1	1GPJ	A	1	404
8001489	1	1HYU	A	356	387
8001490	1	1H6V	A	191	222
8001491	1	1GPJ	A	1	404
8001493	1	1GPJ	A	1	404
8001492	1	1Q1R	A	5	38
8001494	1	1GPJ	A	1	404
8001495	1	1GPJ	A	166	285
8001496	1	1MO9	A	215	246
8001497	1	1GPJ	A	3	77
8001499	1	1Z45	A	11	357
8001503	1	2BLN	A	1	304
8001500	1	1Z7E	A	1	656
8001501	1	1Z7E	A	1	656
8001502	1	2BLN	A	1	304
8001504	1	2BLN	A	1	200
8001505	1	2BLN	A	201	304
8001506	1	3GRS	A	21	52
8001507	1	1ONF	A	2	33
8001508	1	1LNQ	A	19	336
8001509	1	1LNQ	A	19	336
8001510	1	1LNQ	A	19	98
8001511	1	1FEC	A	188	222
8001512	1	1AOG	A	190	224
8001513	1	1NHP	A	1	34
8001514	1	1D7Y	A	8	41
8001515	1	1V59	A	6	37
8001516	1	1OJT	A	123	154
8001517	1	2Z3Y	A	203	260
8001518	1	2Z3Y	A	203	260
8001519	1	2DT5	A	4	63
8001520	1	2DT5	A	4	53
8001521	1	1H7W	A	67	168
8001522	1	1H7W	A	67	168
8001523	1	1H7W	A	533	844
8001524	1	1H7W	A	544	844
8001525	1	1H7W	A	940	1017
8001526	1	1H7W	A	940	1017
8001527	1	1Y0P	A	34	74
8001528	1	1Y0P	A	34	42
8001498	1	1GPJ	A	303	404
8001529	1	1Z45	A	358	699
8001530	1	1Z45	A	358	699
8001531	1	1Z45	A	358	699
8001532	1	2BLN	A	201	304
8001533	1	1LI4	A	46	182
8001534	1	2NAC	A	1	143
8002322	2	2GA1	B	1	31
8001535	1	2NU7	A	125	287
8001536	1	2NU7	A	146	287
8001537	1	2CSU	A	291	453
8001538	1	2CSU	A	291	453
8001539	1	2BLN	A	1	200
8001540	1	1PN0	C	508	644
8001541	1	1PN0	C	508	644
8001542	1	1HYU	A	117	198
8001543	1	1HYU	A	117	198
8001544	1	1HYU	A	1	102
8001545	1	1HYU	A	103	198
8001546	1	1WDK	A	16	191
8001547	1	1WDK	A	16	191
8001548	1	1LNQ	A	19	98
8001549	1	1LNQ	A	19	98
8001550	1	2GMH	A	483	574
8001551	1	2GMH	A	501	574
8001552	1	1PJ5	A	500	682
8001553	1	1PJ5	A	500	507
8001554	1	2FY8	A	261	336
8001555	1	2FY8	A	261	336
8002249	1	2FQ3	A	311	395
8002250	1	2CUJ	A	29	108
8002251	1	1IRZ	A	1	64
8002252	1	1RR7	A	27	120
8002253	1	1RR7	A	27	120
8002254	1	1RR7	A	27	120
8002255	1	1RR7	A	72	120
8002256	1	1RR7	A	72	120
8002257	1	1RR7	A	27	71
8002258	1	1IRZ	A	1	64
8002259	1	1IRZ	A	1	64
8002260	1	2JN6	A	1	89
8002261	1	2JN6	A	1	89
8002262	1	2JN6	A	1	89
8002263	1	2JN6	A	6	50
8002264	1	2JN6	A	6	50
8002265	1	2JN6	A	51	89
8002266	1	2O3F	A	1	83
8002267	1	2O3F	A	16	62
8002268	1	2O3F	A	16	62
8002269	1	1ETO	B	9	98
8002270	1	1ETO	B	9	98
8002271	1	1ETO	B	48	97
8002272	1	1ETO	B	48	97
8002273	1	1ETO	B	48	97
8002274	1	1NTC	A	399	469
8002275	1	1UMQ	A	22	81
8002276	1	1G2H	A	1	61
8002277	1	2COB	A	8	70
8002278	1	2COB	A	14	57
8002279	1	2COB	A	14	57
8002280	1	1OFC	X	697	978
8002282	1	1OFC	X	902	978
8002283	1	1OFC	X	902	978
8002284	1	1OFC	X	799	850
8002285	1	1OFC	X	697	798
8002286	1	1OFC	X	697	798
8002287	1	1OFC	X	697	798
8002281	1	1OFC	X	897	978
8002288	1	2CJJ	A	8	70
8002289	1	2CJJ	A	8	70
8002290	1	2CJJ	A	8	70
8002291	1	2CJJ	A	8	70
8002292	1	2CJJ	A	8	70
8002293	1	2CKX	A	578	660
8002294	1	2AJE	A	9	105
8002295	1	2CRG	A	8	64
8002296	1	2IW5	B	308	440
8002297	1	2IW5	B	376	440
8002298	1	2IW5	B	308	375
8002299	1	2CQQ	A	8	66
8002300	1	2CQR	A	8	67
8002301	1	1XC5	A	413	480
8002302	1	2CU7	A	8	72
8002303	1	1WGX	A	8	67
8002304	1	1H8A	C	87	191
8002305	1	1H8A	C	87	143
8002306	1	1H8A	C	144	191
8002307	1	1FEX	A	1	59
8002308	1	1MBJ	A	142	193
8002309	1	1A5J	A	3	110
8002310	1	1A5J	A	3	55
8002311	1	1A5J	A	56	110
8002312	1	1UG2	A	9	89
8002313	1	1H88	C	39	190
8002314	1	1H88	C	39	88
8002315	1	1H88	C	89	143
8002316	1	1H88	C	144	190
8002317	1	2GA1	A	1	102
8002318	1	2GA1	A	1	102
8002319	1	2GA1	A	1	102
8002320	1	2GA1	A	51	92
8002321	1	2GA1	A	51	92
8002322	1	2GA1	A	1	31
8002324	1	2AO9	A	13	132
8002325	1	2AO9	A	13	132
8002326	1	2AO9	A	13	132
8002327	1	2AO9	A	24	71
8002323	1	1WE3	O	5	99
8002328	1	2AO9	A	24	71
8002330	1	1UHS	A	9	72
8002329	1	1AON	O	1	97
8002331	1	1UHS	A	9	72
8002332	1	1UHS	A	9	72
8002333	1	1UHS	A	9	63
8002334	1	1UHS	A	9	63
8002335	1	1AON	O	1	97
8002336	1	1LEP	A	1	92
8002337	1	1MIJ	A	1245	1396
8002338	1	1MIJ	A	1245	1296
8002339	1	1MIJ	A	1245	1296
8002340	1	1P3H	A	1	98
8002341	1	1MIJ	A	1297	1396
8002342	1	1G31	A	5	111
8002343	1	1G31	A	5	111
8002344	1	2CQX	A	8	66
8002345	1	2CUE	A	8	74
8002346	1	1AON	O	1	97
8002347	1	1X41	A	8	52
8002348	1	1AON	O	1	97
8002349	1	1AON	O	1	97
8002350	1	1X2M	A	8	58
8002351	1	2E1O	A	8	64
8002353	1	1X2N	A	8	66
8002354	1	1ZQ3	P	2	68
8002355	1	1X58	A	8	56
8002356	1	2CUF	A	8	83
8002357	1	2CRA	A	8	64
8002358	1	1PUF	A	193	269
8002359	1	1PUF	B	233	305
8002360	1	1LUR	A	1002	1330
8002361	1	1LFU	P	1	78
8002362	1	1LUR	A	1002	1330
8002363	1	1WH5	A	8	74
8002364	1	1JOV	A	1	269
8002365	1	1WH7	A	8	74
8002366	1	1JOV	A	1	269
8002367	1	1WI3	A	8	65
8002368	1	1JOV	A	1	269
8002369	1	2ECC	A	8	70
8002370	1	1S7E	A	6	152
8002371	1	1S7E	A	107	152
8002373	1	1JOV	A	10	269
8002374	1	1JOV	A	10	269
8002375	1	1IG7	A	102	159
8002376	1	1JGG	A	103	159
8002378	1	1ENH	A	3	56
8002377	1	1VLY	A	3	325
8002379	1	1VLY	A	3	325
8002380	1	1AU7	A	9	160
8002381	1	1AU7	A	108	159
8002382	1	1AU7	A	9	76
8002383	1	1VLO	A	4	363
8002384	1	1LE8	A	74	126
8002385	1	1K61	A	132	191
8002386	1	1FTT	A	1	67
8002387	1	1HDP	A	1	63
8002388	1	1SO0	A	1	342
8002389	1	1NSZ	A	3	339
8002390	1	1NSZ	A	3	339
8002392	1	1NSZ	A	3	339
8002391	1	1IC8	A	87	276
8002393	1	1IC8	A	206	276
8002394	1	1IC8	A	111	180
8002395	1	1LFB	A	13	90
8002396	1	1OCP	A	2	67
8002397	1	1E3O	C	1	160
8002398	1	1E3O	C	108	159
8002399	1	1E3O	C	1	75
8002400	1	1B72	A	206	264
8002401	1	1V5V	A	4	401
8002402	1	1WOS	A	1	361
8002403	1	1BW5	A	2	66
8002404	1	9ANT	A	5	60
8002405	1	1V5V	A	4	401
8002406	1	1B8I	A	105	160
8002407	1	2R5Y	B	205	260
8002408	1	1V5V	A	4	401
8002409	1	1FTZ	A	0	68
8002410	1	1V5V	A	313	386
8002411	1	1VND	A	2	77
8002412	1	1FJL	A	0	64
8002413	1	2ECB	A	8	83
8001553	2	1PJ5	A	600	682
8002414	1	1PJ5	A	508	599
8002415	1	1PJ5	A	500	589
8002416	1	1PJ5	A	590	682
8002417	1	1XZP	A	1	450
8002418	1	1XZP	A	1	450
8002419	1	1XZP	A	1	117
8002420	1	1XZP	A	1	117
8002422	1	1XZP	A	1	117
8002423	1	1XZP	A	147	202
8002423	2	1XZP	A	384	432
8002424	1	1XZP	A	212	371
8002425	1	1XZP	A	212	371
8002426	1	1XZP	A	212	371
8002372	1	1S7E	A	6	85
8002427	1	1IJW	C	139	185
8002428	1	1IJW	C	139	185
8002429	1	1IJW	C	139	185
8002430	1	1W0U	A	446	500
8002431	1	1W0T	A	379	430
8002432	1	6PAX	A	1	133
8002433	1	6PAX	A	18	62
8002434	1	6PAX	A	18	62
8002435	1	6PAX	A	76	133
8002436	1	6PAX	A	76	133
8002437	1	1K78	A	19	142
8002438	1	1PDN	C	2	124
8002439	1	1IGN	A	360	594
8002440	1	1IGN	A	446	594
8002441	1	1IGN	A	449	553
8002442	1	1IGN	A	449	553
8002443	1	1IGN	A	363	416
8002444	1	1F6O	A	80	295
8002446	1	1F6O	A	80	295
8002445	1	1HLV	A	1	129
8002447	1	1HLV	A	8	49
8002448	1	1HLV	A	8	49
8002449	1	1HLV	A	73	129
8002450	1	1HLV	A	73	129
8002451	1	1F6O	A	80	295
8002452	1	1IUF	A	1	141
8002453	1	1BL0	A	9	124
8002454	1	1BL0	A	9	124
8002455	1	1BL0	A	9	124
8002456	1	1BL0	A	9	54
8002457	1	1F6O	A	80	236
8002458	1	1BL0	A	9	54
8002459	1	1BL0	A	55	103
8002460	1	1F6O	A	80	236
8002461	1	1BL0	A	55	103
8002462	1	1BL0	A	9	62
8002463	1	1BL0	A	63	112
8002465	1	1D5Y	A	3	289
8002466	1	1D5Y	A	3	289
8002467	1	1D5Y	A	3	121
8002468	1	1D5Y	A	127	289
8002469	1	1D5Y	A	127	289
8002470	1	1D5Y	A	127	289
8002464	1	1MEO	A	1	203
8002471	1	1JKX	A	1	209
8002472	1	1JKX	A	1	209
8002473	1	1JKX	A	1	209
8002474	1	1JKX	A	1	209
8002475	1	1JKX	A	1	209
8002476	1	1FMT	A	1	314
8002477	1	2VKE	A	3	208
8002478	1	2VKE	A	3	208
8002479	1	2VKE	A	3	208
8002480	1	2VKE	A	4	46
8002482	1	2VKE	A	4	46
8002481	1	1FMT	A	1	314
8002483	1	2VKE	A	47	208
8002484	1	1ZGH	A	1	226
8002485	1	1UI5	B	5	212
8002486	1	1FMT	A	1	314
8002487	1	1UI5	B	5	212
8002488	1	1T33	A	1	220
8002489	1	1T33	A	1	220
8002490	1	1SGM	A	5	188
8002491	1	1SGM	A	5	188
8002492	1	1S3I	A	1	307
8002493	1	2IU5	A	1	180
8002494	1	2IU5	A	1	180
8002495	1	2HYJ	A	8	200
8002496	1	2HYJ	A	8	200
8002497	1	2BW0	A	1	307
8002498	1	2HKU	A	18	208
8002499	1	2HKU	A	18	208
8002500	1	2OI8	A	8	216
8002501	1	2OI8	A	8	216
8002502	1	2O7T	A	1	188
8002503	1	2O7T	A	1	188
8002504	1	3C07	A	15	235
8002505	1	3C07	A	15	235
8002506	1	1T56	A	22	214
8002507	1	1T56	A	22	214
8002508	1	1VI0	A	6	194
8002509	1	1VI0	A	6	194
8002510	1	1RKT	A	2	205
8002511	1	1RKT	A	2	205
8002512	1	2FQ4	A	9	192
8002513	1	2FQ4	A	9	192
8002514	1	2G3B	B	2	189
8002515	1	2G3B	B	2	189
8002516	1	2ID3	A	13	203
8002517	1	2ID3	A	13	203
8002518	1	2ZOY	A	1	175
8002519	1	2ZOY	A	1	175
8002520	1	1Z0X	A	4	220
8002521	1	1Z0X	A	4	220
8002522	1	2I10	B	11	194
8002523	1	2I10	B	11	194
8002524	1	2FD5	A	1	180
8002525	1	2FD5	A	1	180
8002526	1	2NP5	A	9	195
8002527	1	2NP5	A	9	195
8002528	1	1ZK8	A	6	182
8002529	1	1ZK8	A	6	182
8002530	1	2GEN	A	6	193
8002531	1	2GEN	A	6	193
8002532	1	2GFN	A	4	199
8002533	1	2GFN	A	4	199
8002534	1	2D6Y	A	7	192
8002535	1	2D6Y	A	7	192
8002536	1	2G7G	A	9	205
8002537	1	2G7G	A	9	205
8002538	1	2FBQ	A	2	214
8002539	1	2FBQ	A	2	214
8002540	1	2FX0	A	4	198
8002541	1	2FX0	A	4	198
8002542	1	1JT6	B	2	187
8002543	1	1JT6	B	2	187
8002544	1	1JT6	B	2	187
8002545	1	1JT6	B	2	44
8002546	1	1JT6	B	2	44
8002547	1	1JT6	B	45	187
8002548	1	3LOC	A	11	211
8002549	1	3LOC	A	11	211
8002550	1	2NP3	B	22	210
8002551	1	2NP3	B	22	210
8002552	1	2G7L	A	16	230
8002553	1	2G7L	A	16	230
8002554	1	2ID6	A	1	200
8002555	1	2ID6	A	1	200
8002556	1	2G7S	A	3	192
8002557	1	2G7S	A	3	192
8002558	1	1KU9	A	1	151
8002559	1	1KU9	A	1	151
8002560	1	1KU9	A	1	151
8002561	1	1KU9	A	24	87
8002562	1	1KU9	A	24	70
8002563	1	1T0F	A	5	268
8002564	1	1T0F	A	5	268
8002565	1	1T0F	A	5	268
8002566	1	1T0F	A	59	164
8002567	1	1T0F	A	59	164
8002568	1	1T0F	A	181	261
8002569	1	1T0F	A	181	240
8002570	1	1BIA	A	1	317
8002571	1	1BIA	A	1	317
8002572	1	1BIA	A	1	63
8002573	1	1BIA	A	1	63
8002574	1	1BIA	A	1	48
8002575	1	1BIA	A	64	317
8002576	1	1BIA	A	64	270
8002577	1	1BIA	A	79	211
8002578	1	1BIA	A	271	317
8002579	1	1BIA	A	271	317
8002580	1	1J5Y	A	3	174
8002581	1	1J5Y	A	3	174
8002582	1	1J5Y	A	3	67
8002583	1	1J5Y	A	68	174
8002584	1	1J5Y	A	68	174
8002585	1	1J5Y	A	68	174
8002586	1	1UFM	A	296	366
8002587	1	1UFM	A	300	364
8002589	1	1UFM	A	300	347
8002588	1	1PJQ	B	331	457
8002590	1	1WI9	A	105	163
8002591	1	1WYZ	A	2	234
8002593	1	1WYZ	A	2	234
8002592	1	1JHF	A	2	198
8002594	1	1JHF	A	2	198
8002595	1	1JHF	A	2	72
8002596	1	1JHF	A	2	72
8002597	1	1JHF	A	4	55
8002598	1	1JHF	A	73	198
8002599	1	1JHF	A	108	198
8002600	1	1JHF	A	138	192
8002601	1	2BB3	A	1	195
8002602	1	2BB3	A	1	195
8002603	1	1CBF	A	21	251
8002604	1	1CBF	A	21	251
8002605	1	1VHV	A	2	250
8002606	1	1WDE	A	6	294
8002607	1	2DEK	A	1	265
8002608	1	2DEK	A	1	265
8002609	1	1S4D	A	6	270
8002610	1	1VE2	A	1	235
8002611	1	1VE2	A	1	235
8002612	1	1VA0	A	2	226
8002613	1	1VA0	A	2	226
8002614	1	1CBF	A	21	251
8002615	1	1CBF	A	21	251
8002616	1	1CBF	A	21	130
8002617	1	1CBF	A	131	251
8002618	1	1Y0U	A	1	87
8002619	1	1Y0U	A	1	87
8002620	1	1Y0U	A	1	87
8002621	1	1Y0U	A	28	87
8002622	1	1Y0U	A	28	70
8002623	1	1O81	B	17	161
8002624	1	1O81	B	17	161
8002625	1	1EWX	A	2	145
8002626	1	1EWX	A	2	145
8002627	1	1O73	A	1	144
8002628	1	2NU7	B	1	388
8002629	1	2NU7	B	1	388
8002630	1	2NU7	B	1	238
8002631	1	2NU7	B	1	238
8002632	1	2NU7	B	1	238
8002633	1	2NU7	B	239	388
8002634	1	1EUC	B	2	379
8002635	1	1E2Y	A	4	170
8002636	1	1UUL	A	4	197
8002637	1	1UUL	A	4	197
8002638	1	1HD2	A	1	161
8002639	1	1HD2	A	1	161
8002640	1	1GP1	A	10	194
8002641	1	2F8A	A	12	194
8002642	1	2F8A	A	12	194
8002643	1	1QQ2	A	3	175
8002644	1	1QMV	A	3	198
8002645	1	1QMV	A	3	198
8002646	1	2H01	A	2	171
8002647	1	1R1U	A	9	102
8002648	1	1R1U	A	9	102
8002649	1	1R1U	A	9	102
8002650	1	1R1U	A	24	83
8002651	1	1R1U	A	24	68
8002652	1	1R1T	A	24	121
8002653	1	1R1T	A	24	121
8002654	1	1U2W	A	12	119
8002655	1	1U2W	A	12	119
8002657	1	1TBX	A	3	93
8002658	1	1TBX	A	3	93
8002656	1	2F8A	A	17	194
8002659	1	1TBX	A	3	93
8002660	1	1TBX	A	7	70
8002661	1	1TBX	A	7	55
8002662	1	2PG4	A	1	92
8002663	1	2PG4	A	1	92
8002664	1	2CO5	A	5	93
8002665	1	2CO5	A	5	93
8002666	1	2F8A	A	35	194
8002667	1	2F8A	A	35	194
8002668	1	1PRX	A	5	224
8002669	1	1PRX	A	5	224
8002670	1	1B4A	A	4	149
8002671	1	1B4A	A	4	149
8002672	1	1B4A	A	4	149
8002673	1	1B4A	A	4	65
8002674	1	1B4A	A	4	50
8002675	1	1B4A	A	70	149
8002676	1	1B4A	A	84	149
8002677	1	1AOY	A	1	78
8002678	1	1F9N	A	3	149
8002679	1	2P5K	A	2	64
8002680	1	1XIY	A	2	180
8002681	1	1XCC	A	2	220
8002682	1	1N8J	A	1	186
8002683	1	1N8J	A	1	186
8002684	1	1WE0	A	1	166
8002685	1	1HW1	A	5	230
8002686	1	1HW1	A	5	230
8002688	1	2BMX	A	2	170
8002687	1	1HW1	A	5	73
8002689	1	1HW1	A	5	73
8002690	1	1HW1	A	5	60
8002691	1	1HW1	A	92	230
8002692	1	1HW1	A	92	230
8002693	1	1HW1	A	92	230
8002694	1	2HS5	A	25	231
8002695	1	2HS5	A	25	231
8002696	1	2HS5	A	25	91
8002697	1	2HS5	A	92	231
8002698	1	1NM3	A	3	239
8002699	1	1NM3	A	3	239
8002700	1	1NM3	A	3	165
8002701	1	1V4R	A	10	100
8002702	1	1NM3	A	166	239
8002703	1	3BWG	B	1	232
8002704	1	3BWG	B	1	232
8002705	1	3BWG	B	1	69
8002706	1	1NM3	A	166	239
8002708	1	1NM3	A	166	239
8002707	1	3BWG	B	91	232
8002709	1	3BWG	B	91	225
8002710	1	3BWG	B	91	225
8002711	1	1A8L	A	1	226
8002712	1	1A8L	A	1	226
8002713	1	1A8L	A	1	226
8002714	1	1J08	A	2	226
8002715	1	1R7J	A	3	92
8002716	1	1R7J	A	3	92
8002717	1	1R7J	A	3	92
8002718	1	1R7J	A	4	59
8002719	1	1R7J	A	4	49
8002720	1	1I5Z	A	6	206
8002721	1	1I5Z	A	6	206
8002722	1	1I5Z	A	138	206
8002723	1	1I5Z	A	138	206
8002724	1	1I5Z	A	138	195
8002725	1	1I5Z	A	6	137
8002726	1	1I5Z	A	6	137
8002727	1	1I5Z	A	18	98
8002728	1	2OZ6	A	9	213
8002729	1	2OZ6	A	9	213
8002730	1	2OZ6	A	143	213
8002731	1	2OZ6	A	9	142
8002732	1	2K18	A	6	228
8002733	1	1MEK	A	1	120
8002734	1	1X5C	A	8	115
8002735	1	2DJJ	A	6	121
8002736	1	2DJK	A	6	133
8002737	1	2B5E	A	23	504
8002738	1	2B5E	A	23	504
8002739	1	3E5U	C	9	227
8002743	1	3E5U	C	9	227
8002745	1	3E5U	C	148	227
8002740	1	2B5E	A	365	504
8002741	1	2B5E	A	142	239
8002742	1	2B5E	A	240	364
8002746	1	3E5U	C	9	147
8002744	1	2B5E	A	23	141
8002747	1	2H6C	A	19	226
8002749	1	2B5E	A	50	141
8002748	1	2GAU	A	10	232
8002750	1	2B5E	A	50	141
8002751	1	2GAU	A	10	232
8002752	1	2GAU	A	152	232
8002753	1	2GAU	A	10	151
8002754	1	1ZYB	A	1	220
8002755	1	1ZYB	A	1	220
8002756	1	1ZYB	A	148	220
8002757	1	1ZYB	A	1	147
8002758	1	2ZCW	A	5	198
8002759	1	2ZCW	A	5	198
8002760	1	2ZCW	A	118	198
8002761	1	2ZCW	A	5	117
8002762	1	1FT9	A	2	213
8002763	1	1FT9	A	2	213
8002764	1	1FT9	A	134	213
8002766	1	2BGC	A	3	237
8002767	1	2BGC	A	3	237
8002768	1	2BGC	A	138	237
8002769	1	2BGC	A	3	137
8002770	1	1XXA	C	81	153
8002771	1	2P5M	A	68	149
8002772	1	1NZY	A	1	269
8002773	1	1NZY	A	1	269
8002774	1	1MJ3	A	31	290
8002775	1	1MJ3	A	31	290
8002776	1	1UIY	A	1	253
8002777	1	2BYV	E	15	975
8002778	1	2BYV	E	15	975
8002779	1	2BYV	E	181	277
8002780	1	2BYV	E	181	277
8002781	1	2BYV	E	181	252
8002782	1	2BYV	E	15	160
8002783	1	2BYV	E	321	445
8002784	1	1DCI	A	54	327
8002785	1	1PJH	A	5	270
8002786	1	2BYV	E	744	975
8002787	1	2BYV	E	744	975
8002788	1	2BYV	E	744	884
8002789	1	1XX4	A	29	285
8002790	1	1SG4	A	2	250
8002791	1	1SG4	A	2	250
8002792	1	1UHW	A	8	103
8002793	1	2CSO	A	8	121
8002794	1	1V3F	A	8	114
8002795	1	1FSH	A	12	101
8002796	1	1SFX	A	1	106
8002797	1	1SFX	A	1	106
8002798	1	1SFX	A	1	106
8002799	1	1SFX	A	17	80
8002800	1	1SFX	A	17	62
8002801	1	2D1H	A	1	109
8002802	1	2D1H	A	1	109
8002803	1	1BM9	A	3	122
8002804	1	1BM9	A	3	122
8002805	1	1BM9	A	3	122
8002806	1	1BM9	A	13	91
8002807	1	1BM9	A	13	69
8002808	1	1B9M	A	1	262
8002809	1	1B9M	A	1	262
8002810	1	1B9M	A	13	107
8002811	1	1B9M	A	17	79
8002812	1	1B9M	A	17	61
8002813	1	1B9M	A	127	262
8002814	1	1B9M	A	127	262
8002815	1	1B9M	A	200	262
8002816	1	1B9M	A	127	186
8002816	2	1B9M	A	256	262
8002817	1	1B9M	A	127	199
8002818	1	2ESN	A	3	303
8002819	1	2ESN	A	3	303
8002820	1	2ESN	A	3	91
8002821	1	2ESN	A	92	303
8002822	1	2ESN	A	92	303
8002823	1	2ESN	A	97	173
8002824	1	1IXC	A	1	294
8002825	1	1IXC	A	1	294
8002826	1	1IXC	A	1	89
8002827	1	1IXC	A	90	294
8002828	1	1STZ	A	14	336
8002829	1	1STZ	A	14	336
8002830	1	1STZ	A	14	100
8002831	1	1STZ	A	15	79
8002832	1	1STZ	A	15	67
8002833	1	1STZ	A	101	336
8002834	1	1STZ	A	114	336
8002835	1	1STZ	A	133	141
8002835	2	1STZ	A	230	311
8002836	1	1STZ	A	142	227
8002837	1	1MKM	A	1	246
8002838	1	1MKM	A	1	246
8002839	1	1MKM	A	1	75
8002840	1	1MKM	A	1	61
8002841	1	1MKM	A	1	49
8002842	1	1MKM	A	76	246
8002843	1	1MKM	A	76	246
8002844	1	1MKM	A	94	218
8002845	1	1BJA	A	2	96
8002846	1	1BJA	A	15	72
8002847	1	1BJA	A	15	61
8002848	1	2ZXX	C	179	365
8002849	1	2ZXX	C	199	287
8002850	1	2ZXX	C	199	257
8002851	1	1REP	C	15	246
8002852	1	1REP	C	15	246
8002853	1	1REP	C	15	246
8002854	1	1REP	C	31	132
8002855	1	1REP	C	158	246
8002856	1	1REP	C	31	90
8002857	1	1REP	C	158	222
8002858	1	2NRA	C	9	268
8002859	1	2NRA	C	9	268
8002860	1	1HKQ	A	8	132
8002861	1	1RZ4	A	2	216
8002862	1	1RZ4	A	2	216
8002863	1	1RZ4	A	2	216
8002864	1	1RZ4	A	132	190
8002865	1	1RZ4	A	132	179
8002866	1	1RZ4	A	2	112
8002867	1	1RZ4	A	2	112
8002868	1	1XB4	A	1	201
8002869	1	1XB4	A	1	201
8002870	1	1XB4	A	1	201
8002871	1	1XB4	A	18	125
8002872	1	1XB4	A	126	201
8002873	1	1XB4	A	18	102
8002874	1	1XB4	A	126	185
8002875	1	1U5T	A	20	232
8002876	1	1U5T	A	20	232
8002877	1	1U5T	A	82	232
8002878	1	1U5T	A	82	161
8002879	1	1U5T	A	165	225
8002880	1	1U5T	A	82	146
8002881	1	1U5T	A	165	210
8002882	1	1U5T	B	396	564
8002883	1	1ZAO	A	1	282
8002884	1	1ZAO	A	1	282
8002885	1	1ZAO	A	1	282
8002886	1	1ZAO	A	91	282
8002887	1	1ZAO	A	91	282
8002888	1	1ZAO	A	10	72
8002889	1	1ZAO	A	10	59
8002890	1	1J7K	A	19	329
8002891	1	1J7K	A	19	329
8002892	1	1J7K	A	19	254
8002893	1	1J7K	A	19	254
8002894	1	1J7K	A	19	254
8002895	1	1J7K	A	255	329
8002896	1	1J7K	A	257	317
8002897	1	1J7K	A	257	306
8002898	1	1IXS	B	4	318
8002899	1	1FNN	A	1	388
8002900	1	1FNN	A	1	388
8002901	1	1FNN	A	1	276
8002902	1	1FNN	A	277	388
8002903	1	1W5S	B	7	409
8002904	1	1W5S	B	7	409
8002905	1	1W5S	B	7	293
8002906	1	1W5S	B	298	407
8002907	1	2FNA	A	1	356
8002908	1	2FNA	A	1	356
8002909	1	2FNA	A	1	283
8002910	1	2FNA	A	284	356
8002911	1	2FOK	B	5	579
8002912	1	2FOK	B	5	579
8002913	1	2FOK	B	5	579
8002914	1	2FOK	B	419	522
8002915	1	2FOK	B	419	522
8002916	1	2FOK	B	15	132
8002917	1	2FOK	B	15	119
8002918	1	2FOK	B	159	268
8002919	1	2FOK	B	159	239
8002920	1	2FOK	B	301	369
8002921	1	2FOK	B	301	356
8002922	1	1XD7	A	6	132
8002923	1	1XD7	A	6	132
8002924	1	1XD7	A	6	132
8002925	1	1XD7	A	6	65
8002926	1	1XD7	A	6	52
8002927	1	1YLF	A	5	142
8002928	1	1YLF	A	5	142
8002929	1	1HST	A	24	97
8002930	1	1HST	A	24	97
8002931	1	1HST	A	26	96
8002932	1	1HST	A	26	80
8002933	1	1GHC	A	2	74
8002934	1	1UST	A	39	130
8002935	1	1USS	A	171	258
8002936	1	2P8T	A	14	199
8002937	1	2P8T	A	14	199
8002938	1	2P8T	A	14	199
8002939	1	2P8T	A	15	69
8002940	1	2P8T	A	15	59
8002941	1	2P8T	A	83	189
8002942	1	2P8T	A	83	189
8002943	1	2HTJ	A	1	73
8002944	1	2HTJ	A	1	73
8002945	1	2HTJ	A	1	73
8002946	1	2HTJ	A	1	60
8002947	1	2HTJ	A	1	43
8002948	1	2HFH	A	2	93
8002949	1	2HFH	A	2	93
8002950	1	2HFH	A	2	93
8002951	1	2HFH	A	6	80
8002952	1	2HFH	A	6	61
8002953	1	3L2C	A	93	177
8002954	1	1D5V	A	2	94
8002955	1	1KQ8	A	8	82
8002956	1	2A07	F	503	584
8002957	1	2C6Y	A	1	98
8002958	1	2OD5	A	6	96
8002959	1	2OD5	A	6	96
8002960	1	2OD5	A	6	96
8002961	1	2OD5	A	6	83
8002962	1	2OD5	A	6	58
8002963	1	1OKR	A	4	123
8002964	1	1OKR	A	4	123
8002965	1	1OKR	A	4	123
8002966	1	1OKR	A	8	72
8002967	1	1OKR	A	8	57
8002968	1	1OKR	A	73	123
8002969	1	2G9W	A	3	124
8002970	1	2G9W	A	3	124
8002971	1	2G9W	A	3	124
8002972	1	1SD4	A	5	126
8002973	1	1SD4	A	5	126
8002974	1	1SD4	A	5	126
8002975	1	1P6R	A	1	82
8002976	1	2IPQ	X	396	528
8002977	1	2IPQ	X	396	508
8002978	1	2IPQ	X	396	475
8002979	1	2OBP	A	12	92
8002980	1	2OBP	A	12	92
8002981	1	2OBP	A	12	92
8002982	1	2OBP	A	14	79
8002983	1	2OBP	A	14	64
8002984	1	3BZ6	A	13	180
8002985	1	3BZ6	A	13	180
8002986	1	3BZ6	A	13	180
8002987	1	3BZ6	A	19	96
8002988	1	3BZ6	A	19	81
8002989	1	3BZ6	A	103	170
8002990	1	3BZ6	A	103	153
8002991	1	1O57	A	2	276
8002992	1	1O57	A	2	276
8002993	1	1O57	A	75	276
8002994	1	1O57	A	75	276
8002995	1	1O57	A	130	253
8002996	1	1O57	A	2	74
8002997	1	1O57	A	2	56
8002998	1	2NS0	A	1	85
8002999	1	2NS0	A	1	85
8003000	1	2NS0	A	1	85
8003001	1	2NS0	A	3	82
8003002	1	2NS0	A	3	58
8003003	1	2BBY	A	175	243
8003004	1	2BBY	A	175	243
8003005	1	2BBY	A	175	236
8003006	1	2BBY	A	175	221
8003007	1	1Q1H	A	1	88
8003008	1	1Q1H	A	16	82
8003009	1	1Q1H	A	16	62
8003010	1	2HGC	A	5	82
8003011	1	2HGC	A	5	82
8003012	1	2HGC	A	5	82
8003013	1	2HGC	A	5	65
8003014	1	2HGC	A	5	45
8003015	1	1DPU	A	202	270
8003016	1	1DPU	A	202	270
8003017	1	1DPU	A	205	267
8003018	1	1DPU	A	205	254
8003019	1	1MZB	A	1	134
8003020	1	1MZB	A	1	134
8003021	1	1MZB	A	1	134
8003022	1	1MZB	A	14	82
8003023	1	1MZB	A	14	66
8003024	1	1MZB	A	86	134
8003025	1	2VQC	A	4	73
8003026	1	2VQC	A	4	73
8003027	1	2VQC	A	4	73
8003028	1	2VQC	A	5	73
8003029	1	2VQC	A	5	56
8003030	1	1Q51	B	18	314
8003031	1	1OYW	A	4	516
8003033	1	1Q51	B	18	314
8003032	1	1OYW	A	4	406
8003034	1	1OYW	A	4	206
8003035	1	1OYW	A	4	206
8003036	1	1OYW	A	207	406
8003037	1	1OYW	A	207	406
8003039	1	1HZD	A	74	339
8003038	1	1OYW	A	407	516
8003040	1	1OYW	A	411	495
8003041	1	1OYW	A	411	481
8003042	1	1HZD	A	74	339
8003043	1	2AXL	A	1	144
8003044	1	2P6R	A	1	686
8003045	1	2P6R	A	1	686
8003046	1	2P6R	A	1	403
8003047	1	2P6R	A	404	488
8003048	1	2P6R	A	489	686
8003049	1	2P6R	A	489	626
8003050	1	2P6R	A	489	626
8003051	1	1EF8	A	1	261
8003052	1	1EF8	A	1	261
8003053	1	1CF7	A	16	82
8003054	1	1CF7	A	21	82
8003055	1	1CF7	A	21	70
8003056	1	1CF7	B	68	149
8003057	1	1S6L	A	21	212
8003058	1	1S6L	A	21	212
8003059	1	1S6L	A	21	212
8003060	1	1S6L	A	81	212
8003062	1	1S6L	A	21	74
8003063	1	1S6L	A	21	61
8003064	1	1O8U	A	4	252
8003065	1	1O8U	A	4	252
8003066	1	1D8J	A	1	81
8003067	1	1D8J	A	7	76
8003068	1	1D8J	A	7	63
8003069	1	1WZ8	A	2	264
8003070	1	1WZ8	A	2	264
8003071	1	2A5Y	B	1	543
8003072	1	2A5Y	B	1	543
8003073	1	2A5Y	B	109	385
8003074	1	2A5Y	B	109	385
8003075	1	2A5Y	B	109	385
8003076	1	2A5Y	B	1	97
8003077	1	2A5Y	B	1	97
8003078	1	2A5Y	B	1	97
8003079	1	2A5Y	B	386	457
8003080	1	2A5Y	B	386	443
8003081	1	1XMK	A	294	366
8003082	1	1QBJ	A	134	198
8003083	1	1SFU	A	6	75
8003084	1	1XMK	A	294	355
8003085	1	1XMK	A	294	342
8003086	1	1OYI	A	13	74
8003087	1	1J75	A	113	169
8003088	1	2DOA	A	6	98
8003089	1	2DOA	A	12	68
8003090	1	2FW2	A	3	260
8003091	1	2DOA	A	12	56
8003092	1	2A7K	B	1	230
8003095	1	1DP7	P	1	76
8003094	1	2A7K	B	1	230
8003093	1	1DP7	P	1	76
8003096	1	1DP7	P	1	52
8003097	1	1KA8	A	1	100
8003098	1	2F6Q	B	109	352
8003099	1	2GMG	A	10	105
8003100	1	2GMG	A	10	105
8003101	1	2GMG	A	10	105
8003102	1	2GMG	A	10	66
8003102	2	2GMG	A	99	105
8003103	1	2GMG	A	10	61
8003104	1	2FBM	A	283	531
8003105	1	2GMG	A	67	98
8003106	1	1MJ3	A	31	290
8003107	1	1FLI	A	276	373
8003108	1	1FLI	A	282	361
8003109	1	1FLI	A	282	347
8003110	1	1JUE	A	1	311
8003111	1	1EP3	A	1	311
8003112	1	1GVJ	A	297	437
8003113	1	1MD0	A	300	437
8003114	1	1PUE	E	171	258
8003116	1	1PUE	E	172	255
8003115	1	1F76	A	1	336
8003117	1	1PUE	E	172	242
8003118	1	1AWC	A	320	429
8003119	1	1BC8	C	1	93
8003122	1	1DUX	C	5	90
8003120	1	2FPV	A	33	396
8003121	1	2FPV	A	33	396
8003123	1	1YO5	C	247	334
8003124	1	1WWX	A	8	101
8003125	1	1UUM	A	38	396
8003126	1	1TV5	A	158	566
8003127	1	2B4G	A	2	313
8003128	1	1OYB	A	1	399
8003129	1	1OYB	A	1	399
8003130	1	1ZEL	A	1	294
8003131	1	1ZEL	A	1	294
8003132	1	1ZEL	A	1	294
8003133	1	1ZEL	A	15	74
8003134	1	1ZEL	A	15	60
8003135	1	1ZEL	A	83	191
8003136	1	1ZEL	A	83	191
8003137	1	1VJI	A	9	369
8003138	1	1Q45	A	8	387
8003139	1	1ICP	A	10	373
8003140	1	1ICP	A	10	373
8003141	1	1GOX	A	1	359
8003142	1	1GOX	A	1	359
8003143	1	1PP7	U	5	118
8003144	1	1PP7	U	5	118
8003145	1	1PP7	U	32	108
8003146	1	1PP7	U	32	92
8003147	1	2V7F	A	2	150
8003148	1	2V7F	A	2	150
8003149	1	2V7F	A	2	150
8003150	1	2V7F	A	50	121
8003151	1	2V7F	A	50	110
8003152	1	1UCR	A	1	74
8003153	1	1UCR	A	1	74
8003154	1	1UCR	A	1	74
8003155	1	1UCR	A	1	66
8003156	1	1UCR	A	1	51
8003157	1	1P4C	A	4	356
8003158	1	2DK8	A	8	75
8003159	1	2DK8	A	10	74
8003160	1	2DK8	A	10	59
8003161	1	2DK5	A	18	85
8003162	1	1ZH5	A	5	189
8003163	1	1ZH5	A	5	96
8003164	1	1ZH5	A	5	92
8003165	1	1ZH5	A	5	75
8003166	1	1ZH5	A	112	184
8003167	1	1ZH5	A	112	184
8003168	1	1ZH5	A	112	184
8003169	1	1S29	A	4	92
8003170	1	2CQK	A	43	130
8003171	1	3HTS	B	193	281
8003172	1	3HTS	B	194	281
8003173	1	3HTS	B	194	257
8003174	1	1HKS	A	43	148
8003175	1	1IF1	A	7	111
8003176	1	1IF1	A	10	110
8003177	1	1IF1	A	10	88
8003178	1	2IRF	G	5	113
8003179	1	2PI0	B	5	110
8003180	1	2PI0	B	5	110
8003181	1	1P92	A	1	226
8003182	1	1P92	A	1	226
8003183	1	1P92	A	1	139
8003184	1	1P92	A	1	64
8003185	1	1P92	A	1	53
8003186	1	1P92	A	65	139
8003187	1	1P92	A	65	121
8003188	1	1VYR	A	2	364
8003189	1	1P92	A	148	226
8003190	1	1VYR	A	2	364
8003191	1	1P92	A	156	226
8003192	1	1P92	A	156	226
8003193	1	1FX7	A	2	230
8003195	1	1FX7	A	2	140
8003196	1	1FX7	A	145	230
8003197	1	2EV6	A	4	139
8003198	1	2EV6	A	4	139
8003194	1	1FX7	A	2	230
8003199	1	1XGS	A	1	295
8003200	1	1XGS	A	1	295
8003201	1	1XGS	A	1	295
8003202	1	1XGS	A	1	194
8003202	2	1XGS	A	272	295
8003203	1	1XGS	A	1	194
8003203	2	1XGS	A	272	295
8003204	1	1XGS	A	195	271
8003205	1	1XGS	A	215	261
8003206	1	1YW9	A	110	478
8003207	1	1KBI	A	1	511
8003208	1	1JGS	A	7	144
8003209	1	1JGS	A	7	144
8003210	1	1JGS	A	7	144
8003211	1	1JGS	A	38	100
8003212	1	1JGS	A	38	83
8003213	1	1LNW	A	2	142
8003214	1	1LNW	A	2	142
8003215	1	3DEU	A	3	141
8003216	1	3DEU	A	3	141
8003217	1	1LJ9	A	2	145
8003218	1	2BV6	A	6	140
8003219	1	2BV6	A	6	140
8003220	1	1KBI	A	1	511
8003221	1	1KBI	A	98	511
8003222	1	1KBI	A	1	97
8003223	1	3CTA	A	5	220
8003225	1	1EA0	A	1	1472
8003224	1	3CTA	A	5	220
8003226	1	3CTA	A	90	220
8003227	1	3CTA	A	90	220
8003228	1	3CTA	A	90	220
8003229	1	3CTA	A	5	89
8003230	1	3BRO	A	3	137
8003231	1	3BRO	A	3	137
8003232	1	1S3J	A	3	145
8003233	1	1S3J	A	3	145
8003234	1	1OFD	A	1	1506
8003235	1	1UB9	A	1	100
8003236	1	1UB9	A	1	100
8003237	1	1OFD	A	1	1506
8003238	1	2FRH	A	101	223
8003239	1	2FRH	A	101	223
8003240	1	2ETH	A	1	140
8003241	1	2ETH	A	1	140
8003243	1	2HR3	A	2	146
8003244	1	2HR3	A	2	146
8003245	1	2FBI	A	5	140
8003246	1	2FBI	A	5	140
8003247	1	1Z91	A	8	144
8003248	1	1Z91	A	8	144
8003249	1	2FBH	A	8	144
8003242	1	1OFD	A	431	1239
8003250	1	2FBH	A	8	144
8003251	1	2FXA	B	8	187
8003252	1	2FXA	B	8	187
8003253	1	2A61	A	5	145
8003254	1	2A61	A	5	145
8003255	1	2FBK	A	8	179
8003256	1	2FBK	A	8	179
8003257	1	1HSJ	A	373	487
8003258	1	1HSJ	A	373	487
8003259	1	1P4X	A	1	250
8003260	1	1P4X	A	1	250
8003261	1	1P4X	A	1	125
8003262	1	1P4X	A	126	250
8003263	1	1WJ5	A	8	114
8003264	1	1WJ5	A	12	107
8003265	1	1WJ5	A	12	92
8003266	1	1T6S	A	1	162
8003267	1	1T6S	A	1	162
8003268	1	1T6S	A	1	162
8003269	1	1T6S	A	1	74
8003270	1	1T6S	A	86	152
8003271	1	1T6S	A	1	57
8003272	1	1T6S	A	86	134
8003273	1	1W1W	E	483	561
8003274	1	1W1W	E	483	556
8003275	1	1W1W	E	483	539
8003276	1	1XMA	A	4	106
8003277	1	1XMA	A	4	106
8003278	1	1XMA	A	4	106
8003279	1	1XMA	A	9	79
8003280	1	1XMA	A	9	60
8003281	1	2ESH	A	4	117
8003282	1	2ESH	A	4	117
8003283	1	1YG2	A	2	179
8003284	1	1YG2	A	2	179
8003285	1	1YG2	A	2	86
8003286	1	1YG2	A	93	179
8003287	1	1YG2	A	93	179
8003288	1	1YG2	A	107	179
8003289	1	1ULY	A	2	191
8003290	1	1ULY	A	2	191
8003291	1	1ULY	A	2	191
8003292	1	1ULY	A	18	82
8003293	1	1ULY	A	18	62
8003294	1	1ULY	A	93	176
8003295	1	1OFD	A	796	1239
8003296	1	1OFD	A	431	795
8003297	1	1XN7	A	1	78
8003298	1	1XN7	A	1	78
8003299	1	1XN7	A	1	78
8003300	1	1XN7	A	1	78
8003301	1	1XN7	A	1	45
8003302	1	2CG4	A	4	152
8003303	1	2CG4	A	4	152
8003304	1	2CG4	A	4	152
8003305	1	2CG4	A	67	152
8003306	1	2CG4	A	67	141
8003307	1	2CG4	A	6	61
8003308	1	2CG4	A	6	51
8003309	1	2CYY	A	1	151
8003310	1	2CYY	A	1	151
8003311	1	2CFX	A	1	140
8003312	1	2CFX	A	1	140
8003313	1	1I1G	A	2	141
8003314	1	1I1G	A	2	141
8003315	1	1OFD	A	544	720
8003316	1	1OFD	A	796	1239
8003317	1	1OFD	A	869	1190
8003318	1	1OFD	A	1240	1506
8003319	1	1OFD	A	1240	1506
8003320	1	1OFD	A	1265	1434
8003321	1	1TB3	A	1	349
8003322	1	1TB3	A	1	349
8003323	1	1Z41	A	2	338
8003324	1	1Z41	A	2	338
8003325	1	2F6U	A	1001	1231
8003326	1	2F6U	A	1001	1231
8003327	1	1P0K	A	21	349
8003328	1	1P0K	A	21	349
8003329	1	1VCF	A	23	332
8003330	1	3DH7	A	9	332
8003331	1	2HOE	A	10	368
8003332	1	2HOE	A	10	368
8003333	1	2HOE	A	72	368
8003334	1	2HOE	A	72	368
8003335	1	2HOE	A	72	184
8003336	1	2HOE	A	200	343
8003337	1	2HOE	A	72	199
8003338	1	2HOE	A	200	368
8003339	1	2HOE	A	10	71
8003340	1	2HOE	A	10	71
8003341	1	2HOE	A	10	50
8003342	1	1Z6R	A	12	406
8003343	1	1Z6R	A	12	406
8003344	1	1Z6R	A	82	406
8003345	1	1Z6R	A	12	81
8003346	1	1Z05	A	10	405
8003347	1	1Z05	A	10	405
8003348	1	1Z05	A	81	405
8003349	1	1Z05	A	10	80
8003350	1	1VHN	A	5	308
8003351	1	1VHN	A	5	308
8003352	1	1VHN	A	5	234
8003353	1	1VHN	A	238	308
8003354	1	2P4W	A	1	197
8003355	1	2P4W	A	1	197
8003356	1	2P4W	A	1	197
8003357	1	2P4W	A	14	77
8003358	1	2P4W	A	14	57
8003359	1	2P4W	A	119	169
8003360	1	1VIZ	A	2	228
8003361	1	1VIZ	A	2	228
8003362	1	2B0L	A	168	258
8003363	1	2B0L	A	168	258
8003364	1	2B0L	A	180	245
8003365	1	2B0L	A	180	229
8003366	1	2GX5	A	2	159
8003367	1	2GX5	A	2	159
8003369	1	2GX5	A	22	159
8003368	1	2R14	A	8	376
8003370	1	2GX5	A	37	132
8003371	1	2R14	A	8	376
8003372	1	3EUH	B	8	327
8003373	1	3EUH	B	8	327
8003374	1	3EUH	B	24	103
8003375	1	3EUH	B	24	86
8003376	1	3EUH	B	120	293
8003377	1	1OFD	A	1	430
8003378	1	1OFD	A	1	430
8003379	1	1OFD	A	1	402
8003380	1	3EUK	E	354	411
8003381	1	2HZT	A	4	98
8003382	1	2HZT	A	4	98
8003383	1	2HZT	A	4	98
8003384	1	2HZT	A	12	74
8003385	1	2HZT	A	12	57
8003386	1	1R3J	C	22	124
8003387	1	2FSW	A	3	104
8003388	1	2FSW	A	3	104
8003390	1	1Z7U	A	1	108
8003391	1	1Z7U	A	1	108
8003389	1	1F6G	A	1	160
8003392	1	1YYV	A	9	122
8003393	1	1YYV	A	9	122
8003394	1	2F2E	A	5	146
8003395	1	2F2E	A	5	146
8003396	1	2F2E	A	5	107
8003397	1	2P7T	C	22	124
8003398	1	2VE8	A	745	811
8003400	1	2P7T	C	22	124
8003399	1	2VE8	A	748	804
8003401	1	2VE8	A	748	791
8003402	1	2J5P	A	1261	1329
8003403	1	1ORQ	C	18	240
8003404	1	1ORQ	C	18	240
8003405	1	1FP1	D	19	372
8003406	1	1ORQ	C	135	240
8003407	1	1FP1	D	19	372
8003408	1	1FP1	D	178	372
8003409	1	1FP1	D	178	372
8003410	1	1FP1	D	178	372
8003411	1	1FP1	D	48	116
8003412	1	1FP1	D	48	96
8003413	1	1TW3	A	12	351
8003414	1	1TW3	A	12	351
8003415	1	1XL4	A	11	295
8003416	1	1KYZ	A	13	362
8003417	1	1KYZ	A	13	362
8003418	1	1XL4	A	11	295
8003420	1	1FP2	A	8	352
8003419	1	1XL4	A	45	138
8003421	1	1FP2	A	8	352
8003422	1	1QZZ	A	10	357
8003424	1	1XL4	A	139	295
8003426	1	2FB1	A	3	225
8003425	1	1P7B	A	36	309
8003427	1	2FB1	A	3	225
8003428	1	1P7B	A	36	309
8003429	1	1P7B	A	59	151
8003430	1	2FB1	A	3	225
8003431	1	2FB1	A	10	149
8003433	1	2FB1	A	10	149
8003432	1	1P7B	A	152	309
8003434	1	2FB1	A	150	213
8003436	1	2P7T	C	22	124
8003435	1	2FB1	A	150	191
8003437	1	2P7T	C	22	124
8003438	1	2P7T	C	22	124
8003439	1	2FML	A	3	268
8003440	1	2FML	A	3	268
8003441	1	2FML	A	38	268
8002421	1	1XZP	A	1	117
8003442	1	1I27	A	449	517
8003443	1	1I27	A	449	517
8003444	1	1I27	A	454	515
8003445	1	1I27	A	454	502
8003446	1	1VCT	A	9	201
8003447	1	1VCT	A	9	201
8003448	1	1VCT	A	13	105
8003449	1	1VCT	A	120	201
8003450	1	1VCT	A	120	201
8003451	1	1VCT	A	120	201
8003452	1	1LDJ	A	17	776
8003454	1	1LDJ	A	17	686
8003455	1	1LDJ	A	603	674
8003456	1	1VCT	A	13	105
8003457	1	1VCT	A	13	105
8003453	1	1LDJ	A	17	776
8003458	1	1LDJ	A	603	648
8003459	1	1LDJ	A	414	528
8003460	1	1LDJ	A	17	413
8003461	1	1LDJ	A	17	413
8003462	1	1LDJ	A	687	776
8003463	1	1LDJ	A	687	776
8003464	1	1LDJ	A	687	761
8003465	1	2IAF	A	4	148
8003466	1	1LDD	A	773	846
8003467	1	1IUY	A	2	92
8003468	1	2HYE	C	41	759
8003469	1	1JW9	B	2	248
8003470	1	2HYE	C	41	759
8003471	1	1JW9	B	2	248
8003472	1	1JW9	B	2	248
8003473	1	2HYE	C	55	675
8003474	1	2HYE	C	676	759
8003475	1	3DBH	B	12	442
8003476	1	3DBH	B	12	442
8003477	1	1LVA	A	377	634
8003478	1	1LVA	A	377	634
8003479	1	1LVA	A	377	437
8003480	1	1LVA	A	438	506
8003481	1	1LVA	A	511	574
8003482	1	1LVA	A	575	634
8003483	1	1LVA	A	377	422
8003484	1	1LVA	A	438	494
8003485	1	1LVA	A	511	562
8003486	1	1LVA	A	575	621
8003487	1	2PJP	A	487	607
8003488	1	1WUD	A	530	606
8003489	1	1WUD	A	530	606
8003490	1	1WUD	A	530	606
8003491	1	1WUD	A	530	606
8003492	1	3CMM	C	11	1024
8003493	1	2J9U	B	115	161
8003494	1	2J9U	B	115	161
8003495	1	2J9U	B	115	161
8003496	1	2J9U	B	115	161
8003497	1	2CAY	A	1	99
8003497	2	2CAY	A	252	282
8003498	1	3CMM	C	11	1024
8003499	1	2CAY	A	1	99
8003499	2	2CAY	A	252	282
8003500	1	2CAY	A	22	99
8003500	2	2CAY	A	252	282
8003501	1	2CAY	A	22	99
8003501	2	2CAY	A	252	282
8003502	1	1Y8Q	A	10	345
8003503	1	1Y8Q	A	10	345
8003504	1	1Y8Q	D	6	550
8003505	1	2PI2	A	41	176
8003506	1	1Y8Q	D	6	550
8003507	1	2PI2	A	72	149
8003508	1	2PI2	A	72	149
8003509	1	2PI2	A	72	149
8003510	1	1Y8Q	D	6	446
8003511	1	3CMM	C	415	928
8003512	1	3DBH	A	6	534
8003513	1	1Q87	B	147	341
8003514	1	1Q87	B	147	341
8003515	1	1Q87	B	235	341
8003516	1	1Q87	B	235	328
8003517	1	1Q87	B	153	233
8003518	1	1OWX	A	225	334
8003519	1	1OWX	A	232	310
8003520	1	1QWT	A	189	427
8003521	1	1QWT	A	189	427
8003522	1	1QWT	A	202	369
8003523	1	1QWT	A	202	369
8003526	1	3DBH	A	6	175
8003525	1	3CMM	C	11	177
8003525	2	3CMM	C	260	394
8003526	2	3DBH	A	388	534
8003524	1	3DBH	A	6	534
8003527	1	3DBH	B	39	348
8003528	1	3DBH	B	349	442
8003529	1	3CMM	C	929	1024
8003530	1	1Y8Q	D	447	550
8003531	1	3CMM	C	178	259
8003532	1	3CMM	C	181	258
8003533	1	3CMM	C	181	258
8003534	1	1Y8Q	A	10	345
8003535	1	1Y8Q	A	10	222
8003535	2	1Y8Q	A	297	345
8003536	1	1JW9	B	2	248
8003537	1	3DBH	A	6	168
8003537	2	3DBH	A	488	534
8003538	1	3CMM	C	11	160
8003538	2	3CMM	C	356	394
8003539	1	3CMM	C	415	589
8003539	2	3CMM	C	862	916
8003540	1	3CMM	C	415	589
8003540	2	3CMM	C	862	916
8003541	1	1Y8Q	D	6	161
8003541	2	1Y8Q	D	383	446
8003542	1	3DBH	B	39	204
8003542	2	3DBH	B	288	348
8003543	1	3CMM	C	590	860
8003544	1	1Y8Q	D	163	382
8003545	1	1Y8Q	A	236	296
8003546	1	3DBH	A	176	387
8003548	1	3DBH	A	422	483
8003547	1	1F3U	A	2	119
8003549	1	3DBH	B	223	286
8003550	1	1F3U	A	2	119
8003551	1	1F3U	A	2	119
8003552	1	3CMM	C	289	352
8003553	1	1F3U	B	5	153
8003556	1	1F3U	B	5	153
8003551	2	1F3U	B	5	153
8003554	1	3DBH	A	189	276
8003555	1	3DBH	A	284	383
8003559	1	3DBH	A	422	483
8003560	1	3DBH	B	223	286
8003558	1	1Y8Q	A	236	296
8003561	1	3CMM	C	289	352
8003562	1	2VE8	A	745	811
8003563	1	2IUT	A	315	723
8003564	1	2IUT	A	315	723
8003565	1	2IUT	A	460	695
8003566	1	2IUT	A	460	695
8003567	1	2IUT	A	331	416
8003568	1	2J5P	A	1261	1329
8003569	1	2IUS	A	840	1249
8003570	1	2IUS	A	840	1249
8003571	1	3CMM	C	664	763
8003572	1	3CMM	C	604	636
8003572	2	3CMM	C	811	860
8003573	1	3CMM	C	664	763
8003574	1	3CMM	C	604	636
8003574	2	3CMM	C	811	860
8003575	1	1Y8Q	D	180	197
8003575	2	1Y8Q	D	340	382
8003576	1	1UWK	A	4	557
8003577	1	1UWK	A	4	557
8003578	1	1UWK	A	4	557
8003579	1	1UWK	A	4	557
8003580	1	1UWK	A	166	344
8003581	1	1Y8Q	D	180	197
8003581	2	1Y8Q	D	340	382
8003582	1	1Y8Q	D	250	335
8003583	1	1UWK	A	4	165
8003583	2	1UWK	A	345	557
8003584	1	1X87	B	11	550
8003585	1	3DBH	A	213	276
8003586	1	3DBH	A	302	383
8003589	1	3DBH	A	6	168
8003589	2	3DBH	A	488	534
8003592	1	3DBH	B	39	204
8003592	2	3DBH	B	288	348
8003587	1	1Y8Q	A	10	222
8003587	2	1Y8Q	A	297	345
8003591	1	1Y8Q	D	6	161
8003591	2	1Y8Q	D	383	446
8003588	1	1JW9	B	2	248
8003590	1	3CMM	C	415	589
8003590	2	3CMM	C	862	916
8003593	1	1GDT	A	1	183
8003594	1	1GDT	A	1	183
8003595	1	1GDT	A	1	138
8003596	1	1GDT	A	1	138
8003597	1	1GDT	A	1	138
8003598	1	1GDT	A	146	183
8003599	1	1U78	A	2	104
8003600	1	1U78	A	7	46
8003601	1	1U78	A	61	104
8003602	1	2EZL	A	77	174
8003603	1	2EZL	A	99	157
8003604	1	2EZI	A	174	247
8003605	1	2EZI	A	180	232
8003606	1	1BCO	A	258	560
8003607	1	1BCO	A	258	480
8003608	1	1BCO	A	264	450
8003609	1	1BCO	A	264	450
8003610	1	1BCO	A	481	560
8003611	1	1BCO	A	481	560
8003612	1	1BCO	A	489	560
8003613	1	3DBH	B	49	81
8003614	1	3CMM	C	435	472
8003615	1	1Y8Q	D	18	50
8003616	1	1KF6	B	1	243
8003617	1	1KF6	B	1	243
8003618	1	1KF6	B	134	243
8003619	1	1KF6	B	134	243
8003620	1	1KF6	B	134	243
8003621	1	1KF6	B	1	105
8003622	1	1KF6	B	1	105
8003623	1	1KF6	B	1	93
8003624	1	2BS2	B	1	239
8003625	1	1NEK	B	1	238
8003626	1	1NEK	B	1	238
8003627	1	1NEK	B	135	238
8003628	1	1NEK	B	1	93
8003629	1	1J6U	A	1	446
8003630	1	1J6U	A	1	442
8003631	1	1J6U	A	1	442
8003632	1	1J6U	A	89	442
8003633	1	1J6U	A	296	442
8003634	1	1J6U	A	1	88
8003635	1	1J6U	A	1	88
8003636	1	1M1Q	A	2	91
8003637	1	1M1Q	A	2	91
8003638	1	1M1Q	A	2	91
8003639	1	1J6U	A	102	282
8003640	1	1M1Q	A	33	64
8003641	1	1M1Q	A	33	41
8003642	1	1JNI	A	37	104
8003643	1	1JNI	A	37	104
8003644	1	1JNI	A	37	104
8003645	1	1JNI	A	56	104
8003646	1	1JNI	A	56	64
8003647	1	1OGY	B	2	128
8003648	1	1FT5	A	1	211
8003649	1	1FT5	A	1	211
8003650	1	1FT5	A	1	211
8003651	1	1FT5	A	9	94
8003652	1	1FT5	A	9	17
8003653	1	1H21	A	8	247
8003654	1	1H21	A	8	247
8003655	1	1H21	A	8	247
8003656	1	1P3D	A	11	473
8003657	1	1H21	A	207	235
8003658	1	1H21	A	207	215
8003659	1	1H21	A	24	194
8003660	1	2JFG	A	1	436
8003661	1	2JFG	A	1	436
8003662	1	1FGJ	A	1	499
8003664	1	1FGJ	A	1	499
8003663	1	1FGJ	A	1	499
8003665	1	1FGJ	A	77	162
8003666	1	1FGJ	A	170	245
8003667	1	1FGJ	A	257	316
8003668	1	1FGJ	A	77	85
8003669	1	1FGJ	A	170	178
8003670	1	1FGJ	A	257	265
8003671	1	2RDZ	A	37	477
8003672	1	2RDZ	A	37	477
8003673	1	1OAH	B	38	514
8003674	1	1FS7	A	37	507
8003675	1	1QDB	A	42	514
8003676	1	1SP3	A	1	442
8003677	1	1SP3	A	1	442
8003678	1	1SP3	A	1	442
8003679	1	1SP3	A	20	104
8003680	1	1SP3	A	137	187
8003681	1	1SP3	A	207	238
8003683	1	1SP3	A	20	28
8003684	1	1SP3	A	137	145
8003685	1	1SP3	A	207	215
8003682	1	1JBW	A	1	425
8003686	1	1JBW	A	1	425
8003687	1	1JBW	A	1	425
8003689	1	1JBW	A	26	425
8003688	1	2OT4	A	5	524
8003690	1	1JBW	A	297	425
8003691	1	2OT4	A	5	524
8003692	1	2OT4	A	5	524
8003693	1	1JBW	A	39	281
8003694	1	2OT4	A	12	41
8003695	1	2OT4	A	64	233
8003696	1	2OT4	A	294	385
8003697	1	2OT4	A	12	20
8003698	1	2OT4	A	64	72
8003699	1	2OT4	A	294	302
8003700	1	1E8C	B	2	494
8003701	1	1E8C	B	2	494
8003702	1	1E8C	B	2	494
8003704	1	1E8C	B	104	488
8003703	1	2UUB	M	2	125
8003705	1	2UUB	M	2	125
8003706	1	2UUB	M	2	125
8003707	1	1E8C	B	338	488
8003708	1	2UUB	M	2	65
8003709	1	2UUB	M	2	65
8003710	1	1E8C	B	108	323
8003711	1	2GY9	M	1	114
8003712	1	2HKJ	A	10	470
8003713	1	2HKJ	A	10	470
8003714	1	2HKJ	A	10	228
8003715	1	1E8C	B	2	103
8003716	1	2HKJ	A	10	228
8003717	1	1E8C	B	2	103
8003718	1	2HKJ	A	10	228
8003719	1	2HKJ	A	229	306
8003720	1	2HKJ	A	229	306
8003721	1	2HKJ	A	229	306
8003724	1	2HKJ	A	307	470
8003723	1	1GG4	A	1	447
8003725	1	2HKJ	A	333	470
8003726	1	1GG4	A	1	447
8003722	1	2HKJ	A	333	470
8003727	1	1GG4	A	1	447
8003728	1	1GG4	A	96	447
8003729	1	1GG4	A	313	447
8003730	1	1GG4	A	100	298
8003731	1	1GG4	A	1	95
8003732	1	1GG4	A	1	95
8003733	1	2JFG	A	6	37
8003734	1	1K82	A	1	268
8003735	1	1K82	A	1	268
8003736	1	1K82	A	1	268
8003737	1	1K82	A	137	214
8003738	1	1K82	A	137	214
8003739	1	1K82	A	1	117
8003740	1	1K82	A	238	268
8003741	1	1K82	A	238	268
8003742	1	1EE8	A	1	266
8003743	1	1R2Z	A	2	274
8003744	1	1PJJ	A	2	271
8003745	1	1Q3B	A	1	261
8003746	1	1Q3B	A	1	261
8003747	1	1TDH	A	2	290
8003748	1	1TDH	A	2	290
8003749	1	1S7E	A	7	73
8003750	1	1S7E	A	7	73
8003751	1	1AU7	A	9	76
8003752	1	1AU7	A	9	76
8003753	1	2DOD	A	651	719
8003754	1	2DOD	A	651	719
8003755	1	2DOD	A	651	719
8003756	1	2Q8O	B	49	173
8003757	1	2Q8O	B	49	173
8003758	1	2Q8O	B	49	173
8003759	1	2Q8O	B	49	173
8003760	1	2Q8O	B	51	166
8003761	1	1XL4	A	139	268
8003762	1	1XL4	A	139	268
8003763	1	2UWE	I	1	99
8003764	1	2UWE	I	1	99
8003765	1	2UWE	I	1	99
8003766	1	2UWE	I	1	99
8003767	1	2UWE	I	1	99
8003768	1	1SUM	B	2	226
8003769	1	1SUM	B	2	226
8003770	1	2VMH	A	904	1050
8003771	1	2VMH	A	904	1050
8003772	1	2VMH	A	904	1050
8003773	1	2EC9	H	16	257
8003774	1	2EC9	H	16	257
8003775	1	2EC9	H	16	257
8003776	1	2EC9	H	16	257
8003777	1	2EC9	H	28	109
8003778	1	1T72	A	7	215
8003779	1	1T72	A	7	215
8003780	1	2E51	A	1	236
8003781	1	2E51	A	1	236
8003782	1	2E51	A	1	236
8003783	1	2E51	A	1	236
8003784	1	2E51	A	1	236
8003785	1	1T72	A	7	215
8003786	1	2RJ9	A	64	347
8003787	1	2RJ9	A	64	347
8003788	1	2RJ9	A	64	347
8003789	1	2RJ9	A	114	321
8003790	1	2RJ9	A	114	321
8003791	1	1T72	A	17	112
8003792	1	1T72	A	120	212
8003793	1	1T72	A	120	211
8003794	1	1T72	A	120	211
8003795	1	2OAN	C	4	371
8003796	1	2OAN	C	4	371
8003797	1	2OAN	C	4	371
8003799	1	2OAN	C	6	136
8003800	1	2OAN	C	148	332
8003801	1	2OAN	C	4	147
8003802	1	2OAN	C	148	349
8003798	1	2OAN	C	4	371
8003803	1	2VAV	F	7	382
8003804	1	2VAV	F	7	382
8003805	1	2VAV	F	7	382
8003806	1	2VAV	F	17	382
8003807	1	2VAV	F	17	382
8003808	1	2VBA	C	1	404
8003809	1	2VBA	C	1	404
8003810	1	2VBA	C	1	404
8003811	1	2VBA	C	1	404
8003812	1	2VBA	C	1	404
8003813	1	2VBA	C	1	253
8003814	1	2VBA	C	254	404
8003815	1	2QW1	A	2	306
8003816	1	2QW1	A	2	306
8003817	1	2QW1	A	2	306
8003818	1	2QW1	A	2	306
8003819	1	2QW1	A	2	110
8003820	1	2QW1	A	2	132
8003821	1	2QW1	A	139	276
8003822	1	1KBI	A	1	87
8003823	1	1KBI	A	1	87
8003824	1	2RET	A	30	110
8003825	1	2RET	A	30	110
8003826	1	2RET	A	30	110
8003827	1	2RET	A	30	110
8003828	1	2RET	A	30	110
8003829	1	1XWM	A	4	215
8003830	1	2YVX	D	7	448
8003831	1	2YVX	D	7	448
8003832	1	2YVX	D	276	448
8003833	1	2YVX	D	276	448
8003834	1	2YVX	D	276	448
8003835	1	2YVX	D	7	131
8003836	1	2YVX	D	7	131
8003839	1	2YVX	D	132	264
8003837	1	2YVX	D	7	131
8003838	1	2YVX	D	132	264
8003840	1	2YVX	D	132	264
8003841	1	2YVX	D	132	193
8003842	1	2YVX	D	195	263
8003843	1	1ULS	A	2	242
8003844	1	1G1A	A	3	352
8003845	1	1R6D	A	1	322
8003846	1	1JA9	A	24	282
8003847	1	1JA9	A	24	282
8003848	1	1V8B	A	4	479
8003849	1	1B3R	A	4	431
8003850	1	2CUL	A	2	231
8003851	1	2CUL	A	2	231
8003852	1	2CUL	A	2	231
8003853	1	2CUL	A	5	231
8003854	1	2CUL	A	5	231
8003061	1	1S6L	A	81	212
8003855	1	3HDH	A	12	302
8003856	1	1U8S	A	4	180
8003857	1	1U8S	A	4	180
8003858	1	1U8S	A	4	180
8003859	1	1U8S	A	4	83
8003860	1	1U8S	A	90	180
8003861	1	1U8S	A	4	83
8003862	1	1U8S	A	90	180
8003863	1	2NZC	A	2	81
8003864	1	2NZC	A	2	81
8003865	1	2NZC	A	2	81
8003866	1	2NZC	A	2	81
8003867	1	2NZC	A	2	81
8003868	1	2F1F	A	2	163
8003869	1	2F1F	A	2	163
8003870	1	2F1F	A	2	163
8003871	1	2F1F	A	2	76
8003872	1	2F1F	A	80	163
8003873	1	2F1F	A	2	76
8003874	1	2F1F	A	80	163
8003875	1	2FGC	A	27	187
8003876	1	2PC6	A	1	163
8003877	1	1ZPV	A	1	83
8003878	1	1ZPV	A	1	83
8003879	1	1ZPV	A	1	83
8003880	1	1ZPV	A	1	79
8003881	1	1ZPV	A	1	79
8003882	1	2F06	A	1	141
8003883	1	2F06	A	1	141
8003884	1	2F06	A	1	141
8003885	1	2F06	A	71	133
8003886	1	2F06	A	1	70
8003887	1	2F06	A	71	133
8003888	1	2F06	A	1	70
8003889	1	1ZVP	D	2	131
8003890	1	1ZVP	D	2	131
8003891	1	1ZVP	D	2	131
8003892	1	1ZVP	D	23	70
8003893	1	1ZVP	D	23	70
8003894	1	1ZVP	D	15	64
8003895	1	1ZVP	D	68	131
8003896	1	1ZHV	A	2	127
8003897	1	1ZHV	A	2	127
8003898	1	1ZHV	A	2	127
8003899	1	1ZHV	A	13	62
8003900	1	1ZHV	A	13	62
8003901	1	1ZHV	A	5	56
8003902	1	1ZHV	A	57	124
8003903	1	1Z5Y	E	49	184
8003904	1	1Z5Y	E	49	184
8003905	1	1KNG	A	50	193
8003906	1	1JFU	A	5	180
8003907	1	1QXH	A	2	165
8003908	1	1QXH	A	2	165
8003909	1	1Q98	A	2	165
8003910	1	1Y25	A	3	165
8003911	1	1ST9	A	37	173
8003912	1	1ST9	A	37	173
8003913	1	1LU4	A	1001	1134
8003914	1	1LU4	A	1001	1134
8003915	1	1XZO	A	3	174
8003916	1	1XZO	A	3	174
8003917	1	2B7J	B	113	282
8003918	1	1WP0	A	138	297
8003919	1	2B5X	A	1	148
8003920	1	2B5X	A	1	148
8003921	1	1ZZO	A	45	178
8003922	1	1ZZO	A	45	178
8003923	1	2CX4	A	5	163
8003924	1	2CX4	A	5	163
8003925	1	1TP9	A	1	162
8003926	1	1TP9	A	1	162
8003927	1	1XVW	A	1	153
8003928	1	1XVW	A	1	153
8003929	1	1ZOF	A	3	170
8003930	1	2FY6	A	33	175
8003931	1	1X0R	A	2	245
8003932	1	1X0R	A	2	245
8003933	1	2A4V	A	59	214
8003934	1	2A4V	A	59	214
8003935	1	2CVB	A	2	188
8003936	1	2CVB	A	2	188
8003937	1	1ZYE	A	2	163
8003938	1	1ZYE	A	2	163
8003939	1	1PSQ	A	1	163
8003940	1	1PSQ	A	1	163
8003941	1	3DBH	B	349	442
8003942	1	3CMM	C	929	1024
8003943	1	1Y8Q	D	447	550
8003944	1	1IKT	A	6	120
8003945	1	1IKT	A	6	120
8003946	1	1IKT	A	6	120
8003947	1	1IKT	A	6	120
8003948	1	1S9C	G	6	289
8003949	1	1S9C	G	164	289
8003950	1	1S9C	G	164	289
8003951	1	1S9C	G	164	289
8003952	1	1S9C	G	6	163
8003953	1	1ID1	A	3	155
8003954	1	2HMV	A	6	144
8003955	1	3BD1	A	1	65
8003956	1	2HIN	A	1	66
8003957	1	2HIN	A	1	66
8003958	1	2HIN	A	2	49
8003959	1	2HIN	A	2	49
8003960	1	2PIJ	B	1	60
8003961	1	5CRO	A	1	61
8003962	1	1RZS	A	1	61
8003963	1	3CRO	L	-1	64
8003964	1	2HIN	A	1	66
8003965	1	5CRO	A	1	61
8003966	1	5CRO	A	2	57
8003967	1	5CRO	A	1	61
8003968	1	5CRO	A	2	57
8003969	1	2HIN	A	2	35
8003970	1	5CRO	A	6	38
8003971	1	5CRO	A	15	36
8003972	1	1UHS	A	31	52
8003973	1	1HLV	A	27	48
8003974	1	1RR7	A	94	115
8003975	1	2JN6	A	25	46
8003976	1	1U78	A	24	45
8003977	1	1IJW	C	160	181
8003978	1	1IGN	A	387	409
8003979	1	1BL0	A	30	50
8003980	1	1BL0	A	78	100
8003981	1	1D5Y	A	24	44
8003982	1	1D5Y	A	72	94
8003983	1	1JHF	A	27	49
8003984	1	2HIN	A	12	33
8003985	1	2O3F	A	38	59
8003986	1	1NTC	A	444	465
8003987	1	1ETO	B	73	94
8003988	1	1UMQ	A	56	77
8003989	1	1G2H	A	35	56
8003990	1	2COB	A	32	53
8003991	1	2V64	A	2	205
8003992	1	2AO9	A	50	71
8003993	1	1H88	C	165	187
8003994	1	1H88	C	114	136
8003995	1	2V64	E	9	195
8003996	1	1H8A	C	114	136
8003997	1	1H8A	C	165	187
8003998	1	2V64	A	2	205
8003999	1	2V64	E	9	195
8004002	1	1O57	A	25	46
8004000	1	2V64	A	2	205
8004001	1	2V64	E	9	195
8004003	1	2V64	A	16	159
8004004	1	2V64	A	16	159
8004005	1	2DT5	A	30	51
8004006	1	1KU9	A	43	64
8004007	1	3ABD	B	10	211
8004008	1	3ABD	B	10	211
8004009	1	1BIA	A	21	42
8004010	1	2QYF	D	54	273
8004011	1	2QYF	D	54	273
8004012	1	2QYF	D	54	273
8004013	1	2QYF	D	65	218
8004014	1	2QYF	D	65	218
8004015	1	1J5Y	A	26	47
8004016	1	1R1U	A	41	62
8004017	1	1R1T	A	61	82
8004018	1	2V64	A	16	159
8004019	1	2V64	E	16	159
8004020	1	1OFD	A	1370	1388
8004021	1	1OFD	A	1389	1406
8004022	1	1OFD	A	1407	1425
8004023	1	1LDJ	A	17	173
8004024	1	1LDJ	A	174	297
8004025	1	1LDJ	A	298	413
8004050	1	2YVX	D	17	52
8004051	1	2YVX	D	53	88
8004052	1	2AJA	A	3	349
8004053	1	2AJA	A	3	349
8004054	1	2AJA	A	3	349
8004055	1	1LM5	B	2613	2808
8004056	1	1LM5	B	2613	2808
8004058	1	1LM5	B	2613	2808
8004057	1	2AJA	A	90	223
8004059	1	1LM5	B	2613	2808
8004060	1	1LM5	B	2621	2658
8004061	1	1LM5	B	2659	2697
8004062	1	1LM5	B	2698	2734
8004063	1	1LM5	B	2735	2767
8004064	1	2AJA	A	90	223
8004066	1	1LM7	A	2209	2448
8004067	1	1LM7	A	2256	2448
8004068	1	1LM7	A	2209	2255
8004069	1	3R6N	A	178	627
8004070	1	3R6N	A	178	270
8004071	1	3R6N	A	271	373
8004072	1	3R6N	A	374	446
8004072	2	3R6N	A	514	545
8004073	1	3R6N	A	546	627
8004074	1	3R6N	A	271	373
8004075	1	3R6N	A	271	373
8004076	1	3R6N	A	460	513
8004077	1	3R6N	A	460	513
8004078	1	3R6N	A	460	513
8004079	1	1YCS	B	327	519
8004080	1	1YCS	B	327	456
8004081	1	1YCS	B	327	456
8004082	1	1YCS	B	327	456
8004083	1	1YCS	B	353	384
8004084	1	1YCS	B	385	417
8004085	1	1YCS	B	462	519
8004086	1	2UWQ	A	1	83
8004087	1	2UWQ	A	1	83
8004088	1	2UWQ	A	1	83
8004089	1	2UWQ	A	1	83
8004090	1	1DCQ	A	247	522
8004091	1	1DCQ	A	369	508
8004092	1	1DCQ	A	247	366
8004093	1	1DCQ	A	260	303
8004094	1	1DCQ	A	260	296
8004095	1	1BD8	A	7	162
8004096	1	1BD8	A	7	162
8004097	1	1BD8	A	7	162
8004098	1	1BD8	A	34	65
8004099	1	1BD8	A	66	98
8004100	1	1BD8	A	99	131
8004101	1	1BLX	B	6	165
8004102	1	1IHB	A	5	160
8004103	1	1IHB	A	5	160
8004104	1	1IHB	A	5	160
8004105	1	1BI7	B	10	134
8004106	1	1BI7	B	10	134
8004107	1	1BI7	B	10	134
8004108	1	1AP7	A	3	168
8004109	1	1UOH	A	4	226
8004110	1	1UOH	A	4	226
8004111	1	1UOH	A	4	226
8004112	1	1UOH	A	32	64
8004113	1	1UOH	A	65	97
8004114	1	1UOH	A	98	130
8004115	1	1UOH	A	131	163
8004116	1	1UOH	A	164	196
8004117	1	1IXV	A	3	228
8004118	1	1S70	B	1	291
8004119	1	1S70	B	38	164
8004120	1	1S70	B	190	291
8004121	1	1SW6	A	212	512
8004122	1	1SW6	A	310	416
8004122	2	1SW6	A	462	512
8004123	1	2XFV	A	2	109
8004124	1	2XFV	A	2	109
8004125	1	2XFV	A	28	96
8004126	1	2XFV	A	28	96
8004127	1	3C5R	A	425	546
8004128	1	3C5R	A	425	546
8004129	1	2NTE	A	568	777
8004130	1	2NTE	A	568	644
8004131	1	2NTE	A	672	771
8004132	1	2NTE	A	568	644
8004133	1	2NTE	A	568	644
8004134	1	1JM7	B	26	122
8004135	1	1JM7	B	48	98
8004136	1	1JM7	B	48	98
8004137	1	1JM7	B	48	80
8004139	1	3UI2	A	85	318
8004140	1	3UI2	A	85	128
8004141	1	3UI2	A	267	318
8004142	1	3UI2	A	267	305
8004143	1	3UI2	A	267	318
8004144	1	3UI2	A	129	266
8004146	1	1X3P	A	1	54
8004147	1	1X3P	A	1	54
8004148	1	3HNA	A	951	1235
8004149	1	3HNA	A	976	1235
8004150	1	3HNA	A	1093	1211
8004151	1	3HNA	A	1093	1125
8004152	1	3B7B	A	734	967
8004153	1	3B7B	A	734	967
8004154	1	1IKN	D	73	293
8004155	1	1MYO	A	1	118
8004156	1	1MYO	A	1	118
8004157	1	1MYO	A	1	118
8004158	1	1WDY	A	21	305
8004159	1	1K1A	A	125	352
8004160	1	2FO1	E	933	1297
8004161	1	2FO1	E	1021	1297
8004162	1	2FO1	E	933	952
8004163	1	1OT8	A	52	237
8004165	1	1AWC	B	5	157
8004166	1	1OY3	D	50	148
8004166	2	1OY3	D	196	303
8004167	1	1N11	A	405	812
8004168	1	1N11	A	405	792
8004169	1	2YVI	A	1397	1485
8004170	1	2YVI	A	1402	1485
8004171	1	2YVI	A	1402	1485
8004172	1	2YVI	A	1402	1485
8004173	1	3F59	D	911	1068
8004174	1	3F59	D	911	1068
8004175	1	3F59	D	911	1068
8004176	1	2AJA	A	130	151
8004177	1	2AJA	A	165	186
8004178	1	1YCS	B	362	383
8004179	1	1YCS	B	395	416
8004180	1	1BD8	A	76	97
8004181	1	1BD8	A	109	130
8004182	1	1UOH	A	75	96
8004183	1	1UOH	A	108	130
8004184	1	2AJA	A	94	114
8004185	1	2AJA	A	321	341
8001528	2	1Y0P	A	66	74
8004186	1	1YCS	B	329	350
8003641	2	1M1Q	A	56	64
8003646	2	1JNI	A	96	104
8004187	1	1BD8	A	10	31
8004188	1	1BD8	A	141	162
8003652	2	1FT5	A	86	94
8003658	2	1H21	A	227	235
8003668	2	1FGJ	A	154	162
8003669	2	1FGJ	A	237	245
8003670	2	1FGJ	A	308	316
8004189	1	1UOH	A	8	29
8004190	1	1UOH	A	42	63
8004191	1	1UOH	A	141	162
8004192	1	1UOH	A	174	195
8003683	2	1SP3	A	96	104
8003684	2	1SP3	A	179	187
8003685	2	1SP3	A	230	238
8003697	2	2OT4	A	33	41
8003698	2	2OT4	A	225	233
8003699	2	2OT4	A	377	385
8004194	1	2Z3Y	A	187	267
8004195	1	1RR7	A	72	120
8004196	1	1IRZ	A	1	64
8004197	1	2JN6	A	6	50
8004198	1	2O3F	A	3	78
8004199	1	1ETO	B	48	97
8004200	1	2COB	A	14	57
8004201	1	1OFC	X	902	978
8004202	1	2CJJ	A	11	67
8004203	1	2GA1	A	51	92
8004204	1	2AO9	A	24	71
8004205	1	1UHS	A	9	63
8004206	1	1MIJ	A	1245	1296
8004207	1	1IJW	C	139	185
8004208	1	6PAX	A	18	62
8004209	1	6PAX	A	76	133
8004210	1	1IGN	A	449	553
8004211	1	1HLV	A	8	49
8004212	1	1HLV	A	73	129
8004213	1	1BL0	A	9	54
8004214	1	1BL0	A	55	103
8004215	1	2VKE	A	4	46
8004216	1	1JT6	B	2	44
8004217	1	2DT5	A	4	77
8004218	1	1KU9	A	24	87
8004219	1	1T0F	A	181	261
8004220	1	1BIA	A	1	63
8004221	1	1UFM	A	300	364
8004222	1	1JHF	A	2	72
8004223	1	1Y0U	A	28	87
8004224	1	1R1U	A	24	83
8004225	1	1TBX	A	7	70
8004226	1	1B4A	A	4	65
8004227	1	1HW1	A	5	73
8004228	1	1R7J	A	4	59
8004229	1	1I5Z	A	138	206
8004230	1	2BYV	E	181	277
8004231	1	1SFX	A	17	80
8004232	1	1BM9	A	13	91
8004233	1	1B9M	A	17	79
8004234	1	1STZ	A	15	79
8004235	1	1MKM	A	1	61
8004236	1	1BJA	A	15	72
8004237	1	2ZXX	C	199	287
8004238	1	1REP	C	31	132
8004239	1	1REP	C	158	246
8004240	1	1RZ4	A	132	190
8004241	1	1XB4	A	18	125
8004242	1	1XB4	A	126	201
8004243	1	1U5T	A	82	161
8004244	1	1U5T	A	165	225
8004245	1	1ZAO	A	10	72
8004246	1	1J7K	A	257	317
8004247	1	2FOK	B	15	132
8004248	1	2FOK	B	159	268
8004249	1	2FOK	B	301	369
8004250	1	1XD7	A	6	65
8004251	1	1HST	A	26	96
8004252	1	2P8T	A	15	69
8004253	1	2HTJ	A	1	60
8004254	1	2HFH	A	6	80
8004255	1	2OD5	A	6	83
8004256	1	1OKR	A	8	72
8004257	1	2IPQ	X	396	508
8004258	1	2OBP	A	14	79
8004259	1	3BZ6	A	19	96
8004260	1	3BZ6	A	103	170
8004261	1	1O57	A	2	74
8004262	1	2NS0	A	3	82
8004263	1	2BBY	A	175	236
8004264	1	1Q1H	A	16	82
8004265	1	2HGC	A	5	65
8004266	1	1DPU	A	205	267
8004267	1	1MZB	A	14	82
8004268	1	2VQC	A	5	73
8004269	1	1OYW	A	411	495
8004270	1	1CF7	A	21	82
8004271	1	1S6L	A	21	74
8004272	1	1D8J	A	7	76
8004273	1	2A5Y	B	386	457
8004274	1	1XMK	A	294	355
8004275	1	2DOA	A	12	68
8004276	1	1DP7	P	1	76
8004277	1	2GMG	A	10	66
8004277	2	2GMG	A	99	105
8004278	1	1FLI	A	282	361
8004279	1	1PUE	E	172	255
8004280	1	1ZEL	A	15	74
8004281	1	1PP7	U	32	108
8004282	1	2V7F	A	50	121
8004283	1	1UCR	A	1	66
8004284	1	2DK8	A	10	74
8004285	1	1ZH5	A	5	92
8004286	1	3HTS	B	194	281
8004287	1	1IF1	A	10	110
8004288	1	1P92	A	1	64
8004289	1	1XGS	A	216	271
8004290	1	1JGS	A	38	100
8004291	1	1WJ5	A	12	107
8004292	1	1T6S	A	1	74
8004293	1	1T6S	A	86	152
8004294	1	1W1W	E	483	556
8004295	1	1XMA	A	9	79
8004296	1	1ULY	A	18	82
8004297	1	1XN7	A	2	78
8004298	1	2CG4	A	6	61
8004299	1	2HOE	A	10	71
8004300	1	2P4W	A	14	77
8004301	1	2B0L	A	180	245
8004302	1	3EUH	B	24	103
8004303	1	2HZT	A	12	74
8004304	1	2VE8	A	748	804
8004305	1	1FP1	D	48	116
8004306	1	2FB1	A	150	213
8004307	1	1I27	A	454	515
8004308	1	1LDJ	A	603	674
8004309	1	1LDJ	A	687	776
8004310	1	1LVA	A	377	437
8004311	1	1LVA	A	438	506
8004312	1	1LVA	A	511	574
8004313	1	1LVA	A	575	634
8004314	1	1MG5	A	6	240
8004315	1	1UDC	A	1	263
8004316	1	2FR0	A	1665	1889
8004317	1	2FR0	A	1471	1642
8004318	1	2PWZ	A	1	145
8004319	1	1OBB	A	2	172
8004320	1	2JHF	A	192	318
8004321	1	1QOR	A	141	270
8004322	1	1X7D	A	105	295
8004323	1	1LSS	A	1	117
8004324	1	2DT5	A	78	188
8004325	1	1H9A	A	1	177
8004326	1	1DIH	A	2	129
8004327	1	1GAD	O	0	148
8004328	1	1LC0	A	8	124
8004330	1	1EBF	A	2	146
8004331	1	1E5Q	A	2	123
8004332	1	1Q0Q	A	1	125
8004333	1	1SAY	A	167	299
8004334	1	1LI4	A	213	341
8004335	1	2NAC	A	188	331
8004336	1	1KYQ	B	11	150
8004337	1	1Y81	A	6	114
8004338	1	1GPJ	A	166	285
8004339	1	1UWK	A	166	344
8004340	1	1LUA	A	2	249
8004341	1	1NYT	A	119	237
8004342	1	1B0A	A	157	258
8004343	1	1C1D	A	173	283
8004344	1	1VL6	A	180	304
8004345	1	1JAY	A	1	181
8004346	1	2CVZ	A	2	157
8004347	1	1LJ8	A	25	286
8004348	1	1NP3	A	17	182
8004349	1	1F0Y	A	12	201
8004350	1	1I36	A	2	151
8004351	1	1DLI	A	1	195
8004352	1	1BG6	A	4	187
8004353	1	1TXG	A	1	180
8004354	1	1KS9	A	1	167
8004355	1	1YQG	A	1	152
8004356	1	2B0J	A	1	242
8004357	1	2G5C	B	31	200
8004359	1	1Y0P	A	34	42
8004359	2	1Y0P	A	66	74
8004360	1	1M1Q	A	33	41
8004360	2	1M1Q	A	56	64
8004361	1	1JNI	A	56	64
8004361	2	1JNI	A	96	104
8004362	1	1FT5	A	9	17
8004362	2	1FT5	A	86	94
8004363	1	1FGJ	A	77	85
8004363	2	1FGJ	A	154	162
8004364	1	1FGJ	A	170	178
8004364	2	1FGJ	A	237	245
8004365	2	1FGJ	A	308	316
8004365	1	1FGJ	A	257	265
8004366	1	1SP3	A	20	28
8004366	2	1SP3	A	96	104
8004367	1	1SP3	A	137	145
8004367	2	1SP3	A	179	187
8004368	1	1SP3	A	207	215
8004368	2	1SP3	A	230	238
8004369	1	2OT4	A	12	20
8004369	2	2OT4	A	33	41
8004370	1	2OT4	A	64	72
8004370	2	2OT4	A	225	233
8004371	1	2OT4	A	294	302
8004371	2	2OT4	A	377	385
8004372	1	1TDE	A	1	115
8004372	2	1TDE	A	246	316
8004373	1	1RP0	A	39	284
8004374	1	2I0Z	A	1	192
8004374	2	2I0Z	A	362	420
8004375	1	1CHU	A	6	43
8004375	3	1CHU	A	354	410
8004376	1	1Y0P	A	124	170
8004376	3	1Y0P	A	512	568
8004376	2	1Y0P	A	252	361
8004375	2	1CHU	A	142	237
8004377	1	3GRS	A	18	161
8004377	2	3GRS	A	291	357
8004378	1	3COX	A	8	56
8004378	3	3COX	A	451	506
8004378	2	3COX	A	222	318
8004379	1	1IUT	A	1	181
8004379	2	1IUT	A	268	321
8004380	1	1C0P	A	1004	1053
8004380	3	1C0P	A	1289	1361
8004380	2	1C0P	A	1137	1193
8004381	1	2BI7	A	2	45
8004381	3	2BI7	A	317	374
8004381	2	2BI7	A	196	247
8004382	1	2BCG	G	8	109
8004382	2	2BCG	G	236	301
8004382	3	2BCG	G	400	438
8004383	1	2GMH	A	32	84
8004383	3	2GMH	A	336	387
8004383	2	2GMH	A	141	236
8004384	1	2V5Z	A	3	43
8004384	3	2V5Z	A	402	456
8004384	2	2V5Z	A	212	289
8004385	1	1CJC	A	6	106
8004385	2	1CJC	A	332	398
8004386	1	1FCD	A	1	109
8004386	2	1FCD	A	256	327
8004387	1	2CUL	A	5	231
8004388	1	1J6U	A	89	295
8004389	1	1JBW	A	26	296
8004390	1	1E8C	B	104	337
8004391	1	1GG4	A	96	312
8004392	1	2NU7	B	104	219
8004393	1	2NU7	B	20	101
8004394	1	1OFD	A	1	50
8004394	2	1OFD	A	171	402
8004395	1	1OFD	A	72	170
8004396	1	3CMM	C	289	352
8004397	1	3CMM	C	664	763
8004398	1	3CMM	C	604	636
8004398	2	3CMM	C	811	860
8004399	1	1Y8Q	A	236	296
8004400	1	1Y8Q	D	180	197
8004400	2	1Y8Q	D	340	382
8004401	1	3DBH	A	422	483
8004402	1	3DBH	B	223	286
8004403	1	3DBH	A	213	276
8004404	1	3DBH	A	302	383
8002968	2	1OKR	B	73	123
8004405	1	2EC9	H	134	231
8004406	1	2P6R	A	627	686
8004407	1	2P6R	A	627	686
8004408	1	1KF6	B	1	93
8004409	1	2UWQ	A	1	83
8004410	1	2BYV	E	648	724
8004411	1	2BYV	E	446	613
8004412	1	2BYV	E	648	724
8004413	1	2BYV	E	648	724
8004414	1	2BYV	E	648	724
8004415	1	2BYV	E	485	613
8004416	1	2BYV	E	485	613
8004417	1	3EUK	E	343	443
8004418	1	3EUK	E	343	443
8004151	2	3HNA	A	1163	1211
8004419	1	3VTH	A	3	751
8004420	1	3VTH	A	3	751
8004421	1	3VTH	A	9	105
8004422	1	3VTH	A	9	105
8004423	1	3VTH	A	9	86
8004424	1	3VTH	A	397	751
8004425	1	3VTH	A	397	751
8004426	1	3VTH	A	397	482
8004427	1	3VTH	A	498	727
8004428	1	3VTH	A	397	497
8004429	1	3VTH	A	498	751
8004430	1	3VTH	A	202	385
8004431	1	3VTH	A	202	385
8004432	1	3VTH	A	202	359
8004433	1	3VTH	A	110	143
8004434	1	3VTH	A	160	193
8004435	1	3VTH	A	110	143
8004436	1	3VTH	A	160	193
8004437	1	3VEN	A	1	570
8004438	1	3VEN	A	1	570
8004439	1	3VEN	A	1	356
8004440	1	3VEN	A	1	356
8004441	1	3VEN	A	1	112
8004442	1	3VEN	A	129	333
8004443	1	3VEN	A	1	128
8004444	1	3VEN	A	129	356
8004445	1	3VEN	A	390	560
8004446	1	3VEN	A	390	560
8004447	1	3VEN	A	390	560
8004448	1	1XGS	A	1	101
8004449	1	1XGS	A	104	194
8004449	2	1XGS	A	272	287
8002823	2	2ESN	A	277	301
8004450	1	2ESN	A	175	270
8004451	1	2ESN	A	97	181
8004452	1	2ESN	A	199	285
8004453	1	1HRU	A	3	188
8004454	1	1HRU	A	3	188
8004455	1	1HRU	A	3	188
8004456	1	1HRU	A	3	169
8004457	1	1HRU	A	3	169
8004458	1	1K7J	A	1	206
8004459	1	1K7J	A	1	206
8004460	1	1JCU	A	1	208
8004461	1	1JCU	A	1	208
8004462	1	3L7V	A	1	260
8004463	1	3L7V	A	1	260
8004464	1	4E1B	A	2	351
8004465	1	4E1B	A	2	351
8004466	1	4E1B	A	2	199
8004467	1	4E1B	A	240	351
8004468	1	4E1B	A	240	351
8004469	1	1G57	A	5	213
8004470	1	1G57	A	5	213
8004471	1	1G57	A	5	213
8004472	1	1G57	A	10	201
8004473	1	1G57	A	10	201
8004474	1	1SNN	A	2	220
8004475	1	2YV4	A	236	340
8004477	1	2IVN	A	1	324
8004478	1	2IVN	A	1	324
8004479	1	2IVN	A	1	324
8004480	1	2IVN	A	1	324
8004481	1	2IVN	A	1	106
8004482	1	2IVN	A	121	279
8004483	1	2IVN	A	1	120
8004484	1	2IVN	A	121	302
8004485	1	3EN9	A	1	534
8004486	1	3EN9	A	1	324
8004487	1	3EN9	A	343	534
8004488	1	2OGF	A	2	120
8004489	1	2OGF	A	2	120
8004490	1	2OGF	A	2	120
8004491	1	2OGF	A	2	120
8004492	1	2OGF	A	15	120
8004493	1	2I52	A	2	120
8004494	1	2IEC	A	11	123
8004495	1	4ANN	A	30	205
8004496	1	4ANN	A	30	205
8004497	1	4ANN	A	30	205
8004498	1	1W8M	A	2	164
8004499	1	1W8M	A	2	164
8004500	1	1W8M	A	2	164
8004501	1	1W8M	A	2	164
8004502	1	1W8M	A	2	164
8004503	1	3RFY	A	83	433
8004504	1	3RFY	A	83	433
8004505	1	3RFY	A	233	433
8004506	1	3RFY	A	83	98
8004506	2	3RFY	A	237	425
8004507	1	3RFY	A	114	220
8004508	1	3RFY	A	114	220
8004509	1	3RFY	A	114	220
8004510	1	1NZE	A	38	149
8004511	1	1NZE	A	38	149
8004512	1	1NZE	A	38	149
8004513	1	1NZE	A	38	149
8004514	1	1NZE	A	44	149
8004515	1	2QW1	A	139	256
8004516	1	2X3J	A	3	588
8004517	1	2X3J	A	3	588
8004518	1	2X3J	A	3	588
8004519	1	2X3J	A	272	558
8004520	1	2X3J	A	272	558
8017409	1	1EX2	A	1	185
8017410	1	1EX2	A	1	185
8017411	1	1EX2	A	1	185
8017412	1	1EX2	A	1	185
8017413	1	1EX2	A	1	185
8017414	1	2AMH	A	7	207
8017415	1	2AMH	A	7	207
8017416	1	2P5X	A	10	213
8017417	1	2P5X	A	10	213
8017418	1	2CAR	A	1	194
8017419	1	2CAR	A	1	194
8017420	1	2CAR	A	1	194
8017421	1	2CAR	A	1	194
8017422	1	2CAR	A	1	194
8017423	1	1V7R	A	1	186
8017424	1	1V7R	A	1	186
8017425	1	1K7K	A	1	197
8017426	1	1K7K	A	1	197
8017427	1	1VP2	A	3	191
8017428	1	3TQU	A	1	197
8017429	1	1U14	A	1	168
8017430	1	1U14	A	1	168
8017431	1	1U14	A	1	168
8017432	1	1U14	A	1	168
8017433	1	1U14	A	1	168
8017434	1	1U5W	B	4	173
8017435	1	1ZWY	B	1	182
8017436	1	1ZWY	B	1	182
8017437	1	3BRC	A	1	155
8017438	1	3BRC	A	1	155
8017439	1	3BRC	A	1	155
8017440	1	3BRC	A	37	154
8017441	1	3BRC	A	37	154
8017442	1	3OL4	A	5	100
8017443	1	3OL4	A	5	100
8017444	1	3OL4	A	5	100
8017445	1	2KVC	A	4	103
8017446	1	2KVC	A	4	103
8017447	1	2LKY	A	7	112
8017448	1	2LKY	A	7	112
8017449	1	2M0N	A	22	112
8017450	1	2M0N	A	22	112
8017451	1	3OL4	A	5	39
8017452	1	3OL4	A	40	96
8017453	1	3OL4	A	40	96
8017454	1	3OL4	A	5	39
8017454	2	3OL4	B	6	39
8017455	1	2M0N	A	41	100
8017456	1	2M0N	A	41	100
8017457	1	2KVC	A	4	38
8017458	1	2LKY	A	7	40
8017459	1	1NER	A	1	74
8017460	1	1NER	A	1	74
8017461	1	1LMB	3	6	91
8017462	1	1LMB	3	6	91
8017463	1	3BDN	A	1	236
8017464	1	3BDN	A	1	236
8017465	1	1F39	A	136	235
8017466	1	1F39	A	136	235
8017467	1	1F39	A	136	235
8017468	1	1F39	A	174	225
8017469	1	1R69	A	1	63
8017470	1	2R1J	L	3	68
8017471	1	4HG0	A	51	282
8017472	1	4HG0	A	51	282
8017473	1	4HG0	A	67	190
8017474	1	4HG0	A	202	282
8017475	1	4HG0	A	202	282
8017476	1	4HG0	A	202	282
8017477	1	2RK5	A	5	88
8017478	1	2PLS	A	345	428
8017479	1	2P13	A	431	515
8017480	1	3LAE	A	1	78
8017481	1	2O3G	A	180	255
8017482	1	2R2Z	A	5	88
8017483	1	2NQW	A	4	90
8017484	1	2PLI	A	5	88
8017485	1	2P4P	A	1	82
8017486	1	2OAI	A	5	91
8017487	1	3DED	A	341	427
8017488	1	2P3H	A	5	102
8017489	1	3LLB	A	1	83
8017490	1	3FPZ	A	16	326
8017491	1	2X0J	A	22	331
8017492	1	3MW9	A	1	501
8017493	1	3OBB	A	1	296
8017494	1	2LKX	A	1	60
8017495	1	2FO1	E	933	952
8001204	1	2I76	A	2	184
8002765	1	1FT9	A	2	133
8003423	1	1QZZ	A	10	357
8004329	1	1EBF	A	151	340
8017496	1	1PJ5	A	4	379
8017497	1	1PJ5	A	4	219
8017497	2	1PJ5	A	339	379
8017498	1	1PJ5	A	4	40
8017498	2	1PJ5	A	148	219
8017498	3	1PJ5	A	339	379
8017499	1	1PJ5	A	220	338
8017500	1	2Z3Y	A	274	419
8017500	2	2Z3Y	A	521	831
8017501	3	2Z3Y	A	764	831
8017501	1	2Z3Y	A	274	419
8017501	2	2Z3Y	A	521	654
8017502	1	2Z3Y	A	274	312
8017502	2	2Z3Y	A	570	654
8017502	3	2Z3Y	A	764	831
8017503	1	2Z3Y	A	655	763
8017504	1	1H7W	A	187	287
8017504	2	1H7W	A	441	512
8017505	1	1H7W	A	288	440
8017506	1	1H7W	A	187	512
8017507	1	1H7W	A	187	287
8017507	2	1H7W	A	441	512
8017508	1	1WDK	A	315	519
8017509	1	1WDK	A	315	452
8017510	1	1WDK	A	497	715
8017511	1	1WDK	A	315	494
8017512	1	1PN0	C	1	391
8017513	1	1PN0	C	1	240
8017513	2	1PN0	C	342	391
8017514	1	1PN0	C	1	51
8017514	2	1PN0	C	115	240
8017514	3	1PN0	C	342	391
8017515	1	1PN0	C	241	341
8017516	1	2P6R	A	410	477
8017517	1	2P6R	A	410	477
8017518	1	2P6R	A	410	467
8017519	1	2P6R	A	1	202
8017520	1	2P6R	A	203	403
8017521	1	2P6R	A	1	202
8017522	1	2P6R	A	203	403
8017523	1	1FGJ	A	364	499
8017524	1	2OT4	A	418	524
8017525	1	2BYV	E	321	445
8017526	1	2BYV	E	354	430
8017527	1	2BYV	E	15	160
8017528	1	2BYV	E	59	138
8017529	1	1HYU	A	199	325
8017529	2	1HYU	A	452	521
8017530	1	1HYU	A	211	325
8017530	2	1HYU	A	452	521
8017531	1	1HYU	A	326	451
8017532	1	1KBI	A	179	467
8017533	1	1KBI	A	191	467
8017534	1	2B5E	A	161	239
8017535	1	2B5E	A	258	361
8017536	1	2B5E	A	396	485
8017537	1	2B5E	A	161	239
8017538	1	2B5E	A	258	361
8017539	1	2B5E	A	396	485
8017540	1	1YGY	A	454	528
8017541	1	1YGY	A	454	528
8017542	1	1YGY	A	4	95
8017543	1	1YGY	A	3	316
8017544	1	1YGY	A	141	258
8017545	1	1YGY	A	141	279
8017546	1	3CMM	C	11	177
8017546	2	3CMM	C	358	394
8017547	1	3CMM	C	11	177
8017547	2	3CMM	C	358	394
8017548	1	1FQB	A	2	370
8017549	1	1FQB	A	2	370
8017550	1	1HSJ	A	2	370
8017551	1	2FO1	E	1021	1297
8017552	1	2FO1	E	1021	1297
8017553	1	1V5V	A	47	243
8017554	1	1V5V	A	47	55
8017554	2	1V5V	A	149	243
8017555	1	1V5V	A	56	148
8017556	1	1V5V	A	47	139
8017557	1	1V5V	A	140	243
8017558	1	1SC6	A	7	326
8017559	1	1SC6	A	7	104
8017560	1	1SC6	A	151	291
8017561	1	1SC6	A	151	265
8017562	1	2CSU	A	1	129
8017563	1	2CSU	A	9	129
8017564	1	2CSU	A	9	129
8017565	1	2CSU	A	130	290
8017566	1	2CSU	A	130	290
8017567	1	2FY8	A	115	260
8017568	1	2FY8	A	117	230
8017569	1	2FY8	A	117	230
8017570	1	1VHN	A	5	234
8017571	1	1VHN	A	5	234
8017572	1	1ZBQ	A	3	304
8017573	1	2PGD	A	1	210
8017574	1	2PGD	A	1	173
8017575	1	2PGD	A	1	129
8017576	1	2PGD	A	177	473
8017577	1	1DJN	A	12	338
8017578	1	1DJN	A	24	338
8017579	1	1DJN	A	388	696
8017580	1	1DJN	A	388	489
8017580	2	1DJN	A	646	696
8017581	1	1DJN	A	490	645
8017582	1	1DJN	A	388	489
8017582	2	1DJN	A	646	696
8017583	1	2NU7	A	2	124
8017584	1	2NU7	A	8	124
8017585	1	2NU7	A	8	124
8017586	1	1PS9	A	7	326
8017587	1	1PS9	A	18	326
8017588	1	1PS9	A	373	670
8017589	1	1PS9	A	373	465
8017589	2	1PS9	A	628	670
8017590	1	1PS9	A	373	465
8017590	2	1PS9	A	628	670
8017591	1	1PS9	A	466	627
8017592	1	1QMG	A	106	343
8017593	1	1QMG	A	106	306
8017594	1	1QMG	A	106	251
8017595	1	1QMG	A	308	595
8017596	1	2NU7	B	258	386
8017597	1	2NU7	B	258	386
8017598	1	3BWG	B	1	69
8017599	1	3BWG	B	1	69
8017600	1	3BWG	B	1	55
8017601	1	1NM3	A	33	165
8017602	1	1NM3	A	33	165
8017603	1	1UST	A	39	130
8017604	1	1USS	A	171	258
8017605	1	1IGN	A	363	416
8017606	1	1IGN	A	363	416
8017607	1	1IGN	A	363	416
8017608	1	1OFC	X	799	850
8017609	1	1OFC	X	799	850
8017610	1	1OFC	X	799	850
8017611	1	3CTA	A	5	68
8017612	1	3CTA	A	5	68
8017613	1	3CTA	A	5	54
8017614	1	1S7E	A	107	152
8017615	1	1S7E	A	107	152
8017616	1	1S7E	A	107	152
8017617	1	1FX7	A	145	230
8017618	1	1FX7	A	161	230
8017619	1	1FX7	A	5	64
8017620	1	1FX7	A	5	64
8017621	1	1FX7	A	5	53
8017622	1	1FX7	A	65	140
8017623	1	1FX7	A	65	140
8017624	1	1GDT	A	146	183
8017625	1	1GDT	A	146	183
8017626	1	1GDT	A	146	183
8017627	1	1Z6R	A	12	81
8017628	1	1Z6R	A	12	81
8017629	1	1Z6R	A	12	59
8017630	1	1Z6R	A	82	406
8017631	1	1Z6R	A	82	194
8017632	1	1Z6R	A	212	376
8017633	1	1E3O	C	1	75
8017634	1	1E3O	C	1	75
8017635	1	1E3O	C	108	159
8017636	1	1E3O	C	108	159
8017637	1	1E3O	C	108	159
8017638	1	1AU7	A	108	159
8017639	1	1AU7	A	108	159
8017640	1	1AU7	A	108	159
8017641	1	2HYE	C	676	759
8017642	1	2HYE	C	676	759
8017643	1	2HYE	C	676	744
8017644	1	2HYE	C	591	657
8017645	1	2HYE	C	591	657
8017646	1	2HYE	C	591	637
8017647	1	2HYE	C	55	402
8017648	1	2HYE	C	55	402
8017649	1	2BGC	A	138	209
8017650	1	2BGC	A	138	209
8017651	1	2BGC	A	138	198
8017652	1	2BGC	A	3	137
8017653	1	2BGC	A	18	98
8017654	1	1IC8	A	206	276
8017655	1	1IC8	A	206	276
8017656	1	1IC8	A	206	276
8017657	1	1IC8	A	111	180
8017658	1	1IC8	A	111	180
8017659	1	1NEK	B	1	93
8017660	1	1NEK	B	1	93
8017661	1	1NEK	B	1	93
8017662	1	1NEK	B	135	238
8017663	1	1NEK	B	135	238
8017664	1	1YG2	A	2	72
8017665	1	1YG2	A	2	72
8017666	1	1YG2	A	2	52
8017667	1	2HS5	A	92	231
8017668	1	2HS5	A	92	231
8017669	1	2HS5	A	25	91
8017670	1	2HS5	A	25	91
8017671	1	2HS5	A	25	78
8017672	1	2ESN	A	3	66
8017673	1	2ESN	A	3	66
8017674	1	2ESN	A	8	52
8017675	1	1Z05	A	10	80
8017677	1	1Z05	A	10	58
8017678	1	1Z05	A	81	405
8017679	1	1Z05	A	81	192
8017680	1	1Z05	A	210	376
8017681	1	1P7B	A	152	282
8017682	1	1P7B	A	152	282
8017683	1	2OZ6	A	143	213
8017684	1	2OZ6	A	143	213
8017685	1	2OZ6	A	143	200
8017686	1	2OZ6	A	9	142
8017687	1	2OZ6	A	20	102
8017688	1	2FNA	A	284	347
8017689	1	2FNA	A	284	347
8017690	1	2FNA	A	284	336
8017691	1	2FNA	A	1	283
8017692	1	2FNA	A	1	283
8017693	1	1P7B	A	59	151
8017694	1	1P7B	A	59	151
8017695	1	4HG0	A	67	190
8017696	1	4HG0	A	67	190
8017697	1	4E1B	A	2	176
8017698	1	4E1B	A	2	176
8017699	1	1XL4	A	45	138
8017700	1	1XL4	A	45	138
8017701	1	1ZYB	A	150	214
8017702	1	1ZYB	A	150	214
8017703	1	1ZYB	A	151	201
8017704	1	1ZYB	A	17	147
8017705	1	1ZYB	A	31	111
8017706	1	1P4C	A	4	356
8017707	1	3UI2	A	129	266
8017708	1	3UI2	A	129	266
8017709	1	3UI2	A	85	128
8017710	1	3UI2	A	85	120
8017711	1	1DCQ	A	369	508
8017712	1	1DCQ	A	369	508
8017713	1	1YCS	B	462	519
8017714	1	1YCS	B	462	519
8017715	1	2ZCW	A	118	186
8017716	1	2ZCW	A	118	186
8017717	1	2ZCW	A	118	174
8017718	1	2ZCW	A	5	117
8017719	1	2ZCW	A	5	83
8017720	1	3E5U	C	148	218
8017721	1	3E5U	C	148	218
8017722	1	3E5U	C	148	206
8017723	1	3E5U	C	9	147
8017724	1	3E5U	C	32	107
8017725	1	1FT9	A	134	203
8017726	1	1FT9	A	134	203
8017727	1	1FT9	A	133	192
8017728	1	1FT9	A	12	133
8017729	1	1FT9	A	23	94
8017730	1	2GAU	A	152	220
8017731	1	2GAU	A	152	209
8017732	1	2GAU	A	23	151
8017733	1	2GAU	A	33	112
8017734	1	1W5S	B	306	387
8017735	1	1W5S	B	306	387
8017736	1	1W5S	B	306	367
8017737	1	1W5S	B	7	293
8017738	1	1W5S	B	7	293
8017739	1	1FNN	A	285	368
8017740	1	1FNN	A	285	368
8017741	1	1FNN	A	285	346
8017742	1	1FNN	A	1	276
8017743	1	1FNN	A	1	276
8017744	1	1IXC	A	1	58
8017745	1	1IXC	A	1	58
8017746	1	1IXC	A	90	294
8017747	1	1IXC	A	90	163
8017747	2	1IXC	A	265	294
8017748	1	1IXC	A	164	260
8017749	1	1IXC	A	90	170
8017750	1	1IXC	A	189	275
8017751	1	1IXC	A	1	45
8017752	1	1P4X	A	34	96
8017753	1	1P4X	A	158	220
8017754	1	1P4X	A	34	96
8017755	1	1P4X	A	158	220
8017756	1	1P4X	A	34	79
8017757	1	1P4X	A	158	203
